pathway	pval	padj	log2err	ES	NES	size	leadingEdge
BIOCARTA_AGR_PATHWAY	0.427374302	1	0.107554375	-0.420239238	-1.020389255	16	LAMA4 LAMA3
BIOCARTA_AT1R_PATHWAY	0.868338558	1	0.040988387	0.320504313	0.693256	15	MAPK1 MAPK3 RAF1 MAP2K4 PAK1 RAC1 PTK2B MAP2K1 MAP2K2 MAPK8 SOS1 HRAS SHC1 JUN GRB2
BIOCARTA_BCR_PATHWAY	0.859784284	1	0.040657934	0.321143617	0.71766482	18	PPP3CA LYN PPP3CC MAPK3 RAF1 MAPK14 BTK VAV1 RAC1 MAP2K1 SYK MAPK8 SOS1 HRAS SHC1 PPP3CB JUN GRB2
BIOCARTA_FCER1_PATHWAY	0.808417997	1	0.040740353	0.321785476	0.756918162	21	PPP3CA LYN PPP3CC MAPK1 MAPK3 RAF1 PIK3R1 BTK MAP2K4 VAV1 PAK2 MAP2K1 SYK MAPK8 MAP2K7 SOS1 HRAS SHC1 PPP3CB JUN GRB2
BIOCARTA_HIVNEF_PATHWAY	0.898351648	1	0.065532103	-0.278596481	-0.658125373	15	APAF1 CASP7 ACTG1
BIOCARTA_IL2RB_PATHWAY	0.868012422	1	0.040575645	0.320717131	0.701499125	16	CBL MAPK1 MAPK3 RAF1 RPS6KB1 PIK3R1 JAK1 JAK3
BIOCARTA_INTEGRIN_PATHWAY	0.868338558	1	0.040988387	0.320504313	0.693256	15	MAPK1 MAPK3 RAF1 ROCK1 CSK MAP2K1 MAP2K2 MAPK8 BCR SOS1 HRAS RHOA SHC1 JUN GRB2
BIOCARTA_MAPK_PATHWAY	0.748261474	1	0.042331839	0.323509712	0.811596839	29	MAPK1 MAPK3 RAF1 RPS6KB1 MAP4K1 MAPK12 MAPK13 MAPK14 NFKBIA CREB1 MAP2K4 PAK1 PAK2 RAC1 MAP2K1 MAP2K2 RPS6KA1 RPS6KA3 RPS6KA2 MAPK10 MAPK8 MAPK9 MAPK11 MAP2K7 NFKB1 HRAS SHC1 JUN GRB2
BIOCARTA_MET_PATHWAY	0.868012422	1	0.040575645	0.320717131	0.701499125	16	GAB1 MAPK1 MAPK3 RAF1 MAP4K1 PIK3R1 PTEN PAK1 PTK2B MAP2K1 MAP2K2 MAPK8 SOS1 HRAS JUN GRB2
BIOCARTA_NFAT_PATHWAY	0.874223602	1	0.040247757	0.316069057	0.691332471	16	PPP3CA PPP3CC MAPK1 MAPK3 RAF1 RPS6KB1 PIK3R1 MAPK14
BIOCARTA_PYK2_PATHWAY	0.868012422	1	0.040575645	0.320717131	0.701499125	16	MAPK1 MAPK3 RAF1 MAPK14 MAP2K4 PAK1 RAC1 PTK2B MAP2K1 MAP2K2 MAPK8 SOS1 HRAS SHC1 JUN GRB2
BIOCARTA_RACCYCD_PATHWAY	0.486024845	1	0.06767604	0.456217421	0.997876603	16	CCNE1 CDK2 CCND1 MAPK1 MAPK3 RAF1 PIK3R1 NFKBIA
BIOCARTA_TCR_PATHWAY	0.859784284	1	0.040657934	0.321143617	0.71766482	18	PPP3CA PPP3CC MAPK3 RAF1 PIK3R1 NFKBIA MAP2K4 VAV1 RAC1 MAP2K1 MAPK8 NFKB1 SOS1 HRAS SHC1 PPP3CB JUN GRB2
KEGG_ACUTE_MYELOID_LEUKEMIA	0.845007452	1	0.039921862	0.321357285	0.733271645	19	CCNA1 CCND1 MAPK1 MAPK3 RAF1 RPS6KB1 PIK3R1 PIK3CD AKT1 AKT2 AKT3 MAP2K1 MAP2K2 NFKB1 MTOR SOS1 SOS2 HRAS
KEGG_ALZHEIMERS_DISEASE	0.989010989	1	0.060903935	-0.200261522	-0.473075569	15	APAF1 CASP7 GAPDH ADAM10 PPP3CB
KEGG_APOPTOSIS	0.986587183	1	0.032651327	0.238264894	0.543671789	19	DFFA PPP3CA TP53 PPP3CC BIRC2 BIRC3 XIAP PIK3R1 NFKBIA PIK3CD
KEGG_AXON_GUIDANCE	0.494023904	1	0.121543282	-0.318182561	-0.973955328	45	SLIT3 SLIT2 SLIT1 NTN3 NTN1 CDC42 CFL2 CFL1 SEMA4G SEMA4D SEMA4C SEMA4A SEMA3D SEMA3B SEMA3A SEMA5B SEMA5A PPP3CB RHOA
KEGG_BASAL_CELL_CARCINOMA	0.042355711	0.401637896	0.321775918	-0.54809163	-1.524448394	27	WNT1 WNT10B WNT10A WNT9B FZD8 FZD5 SHH WNT7B WNT7A WNT6 WNT5B WNT5A WNT4
KEGG_B_CELL_RECEPTOR_SIGNALING_PATHWAY	0.775280899	1	0.041154402	0.323726542	0.808718192	30	PPP3CA LYN PPP3CC PLCG2 MAPK1 MAPK3 RAF1 PIK3R1 NFKBIA NFKBIB BTK PIK3CD VAV1 VAV2 VAV3 RAC1 AKT1 AKT2 AKT3 MAP2K1 MAP2K2 SYK NFKB1 GSK3B SOS1 SOS2 HRAS PPP3CB JUN GRB2
KEGG_CELL_CYCLE	0.053370787	0.439282627	0.23112671	0.572954792	1.431328309	30	CDC25A CCNA1 CCNA2 CCNE1 CCNE2 CDC25B CDK2 E2F4 TP53 CDK7 RBL2 CCND1 CCND2 CCND3 CDK1 WEE1
KEGG_CHEMOKINE_SIGNALING_PATHWAY	0.971232877	1	0.029281102	0.24336445	0.621455986	35	GSK3A LYN MAPK1 MAPK3 RAF1 PARD3 PIK3R1 JAK3 FOXO3 NFKBIA NFKBIB PIK3CD ROCK1 ROCK2 VAV1 VAV2 VAV3 PAK1 RAC1 CSK AKT1 AKT2 AKT3 PTK2B PTK2 MAP2K1 NFKB1 GSK3B SOS1 SOS2 HRAS RHOA SHC1
KEGG_CHRONIC_MYELOID_LEUKEMIA	0.772532189	1	0.042161943	0.322860963	0.791371648	26	TP53 CBL CCND1 MAPK1 MAPK3 RAF1 PIK3R1 NFKBIA PIK3CD CTBP1 CTBP2 AKT1 AKT2 AKT3 MAP2K1 MAP2K2 E2F1 E2F2 CDK4 BCR NFKB1 SOS1 SOS2 HRAS SHC1 GRB2
KEGG_COLORECTAL_CANCER	0.7808418	1	0.042331839	0.329113924	0.774156464	21	TP53 CCND1 MAPK1 MAPK3 RAF1 PIK3R1 PIK3CD AXIN1 CASP3 RAC1 AKT1 AKT2 AKT3 MAP2K1 MAPK10 MAPK8 MAPK9 GSK3B RHOA CTNNB1 JUN
KEGG_ECM_RECEPTOR_INTERACTION	0.005635309	0.227474865	0.407017919	-0.649371183	-1.742910433	24	LAMA5 LAMA4 LAMA3 LAMB4 LAMB2 LAMB1 LAMC3 LAMC2 LAMC1 HSPG2 COL4A6 COL4A2 SDC4 SDC3 SDC2 SDC1
KEGG_ENDOMETRIAL_CANCER	0.80463097	1	0.0408229	0.32221481	0.766805359	23	TP53 CCND1 MAPK1 MAPK3 RAF1 PIK3R1 FOXO3 PIK3CD AXIN1 PTEN PDPK1 AKT1 AKT2 AKT3 MAP2K1 MAP2K2 ILK GSK3B SOS1 SOS2 HRAS CTNNB1 GRB2
KEGG_EPITHELIAL_CELL_SIGNALING_IN_HELICOBACTER_PYLORI_INFECTION	0.984057971	1	0.031420922	0.227696405	0.529891282	20	LYN PLCG2 MAPK12 MAPK13 MAPK14 NFKBIA MAP2K4 CASP3 PAK1 RAC1 CSK MAPK10 MAPK8 MAPK9 MAPK11 NFKB1 ADAM17 ADAM10 JUN
KEGG_ERBB_SIGNALING_PATHWAY	0.773972603	1	0.040084563	0.31472764	0.803689182	35	GAB1 CBL PLCG2 MAPK1 MAPK3 RAF1 PAK4 PAK5 PAK6 RPS6KB1 PIK3R1 PIK3CD MAP2K4 PAK1 PAK2 PAK3 AKT1 AKT2 AKT3 PTK2 MAP2K1 MAP2K2 MAPK10 MAPK8 MAPK9 MAP2K7 GSK3B MTOR SOS1 SOS2 HRAS SHC1 JUN GRB2 ERBB4
KEGG_FC_EPSILON_RI_SIGNALING_PATHWAY	0.743732591	1	0.042673386	0.324161074	0.815744078	32	LYN PLCG2 MAPK1 MAPK3 RAF1 PIK3R1 MAPK12 MAPK13 MAPK14 BTK PIK3CD PDPK1 MAP2K4 VAV1 VAV2 VAV3 RAC1 AKT1 AKT2 AKT3 MAP2K1 MAP2K2 SYK MAPK10 MAPK8 MAPK9 MAPK11 MAP2K7 SOS1 SOS2 HRAS
KEGG_FC_GAMMA_R_MEDIATED_PHAGOCYTOSIS	0.986918605	1	0.031420922	0.228456914	0.550935045	25	LYN LIMK1 PLCG2 MAPK1 MAPK3 RAF1 RPS6KB1 PIK3R1 PTPRC PIK3CD VAV1 VAV2 VAV3 PAK1 RAC1 AKT1 AKT2 AKT3 MAP2K1 SYK WASF1 VASP CFL1 CFL2 CDC42
KEGG_FOCAL_ADHESION	0.025012247	0.334538802	0.352487858	-0.407545911	-1.365272978	69	LAMA5 LAMA4 LAMA3 FLNC FLNA LAMB4 LAMB2 LAMB1 LAMC3 LAMC2 LAMC1
KEGG_GAP_JUNCTION	0.739130435	1	0.047925897	0.36986723	0.809004299	16	CSNK1D PDGFA PDGFB CDK1 MAPK1 MAPK3 RAF1 ITPR1 ITPR2 ITPR3
KEGG_GLIOMA	0.79505814	1	0.04157179	0.322645291	0.778074932	25	TP53 CCND1 PDGFA PDGFB PLCG2 MAPK1 MAPK3 RAF1 PIK3R1 PIK3CD PTEN AKT1 AKT2 AKT3 MAP2K1 MAP2K2 E2F1 E2F2 CDK4 MTOR SOS1 SOS2 HRAS SHC1 GRB2
KEGG_GNRH_SIGNALING_PATHWAY	0.904290429	1	0.074362538	-0.264037433	-0.72584847	26	MMP14 CDC42 GRB2 JUN HRAS SOS2 SOS1 MAP2K7 MAPK11 MAPK9 MAPK8 MAPK10 MAP2K2 MAP2K1 PTK2B MAP2K4 ITPR3 ITPR2 ITPR1 MAPK14 MAPK13 MAPK12 FSHB RAF1 MAPK3 MAPK1
KEGG_HEDGEHOG_SIGNALING_PATHWAY	0.009131103	0.235948616	0.380730401	-0.593134921	-1.650521671	28	WNT1 WNT10B WNT10A WNT9B SHH IHH DHH WNT7B WNT7A BMP8B BMP7 WNT6 WNT5B WNT5A WNT4
KEGG_INSULIN_SIGNALING_PATHWAY	0.745504841	1	0.042246819	0.324596774	0.823390592	34	SLC2A4 CBL TSC1 PTPN1 MAPK1 MAPK3 RAF1 SREBF1 RPS6KB1 PIK3R1 FOXO1 PIK3CD PDPK1 TSC2 IRS1 IRS2 IRS4 AKT1 AKT2 AKT3 MAP2K1 MAP2K2 FLOT2 MAPK10 MAPK8 MAPK9 GSK3B MTOR SOS1 SOS2 HRAS SHC1 FLOT1 GRB2
KEGG_JAK_STAT_SIGNALING_PATHWAY	0.868012422	1	0.040575645	0.320717131	0.701499125	16	CBL CCND1 CCND2 CCND3 PIK3R1 JAK1 JAK3 PIK3CD
KEGG_LEUKOCYTE_TRANSENDOTHELIAL_MIGRATION	0.664536741	1	0.089164712	-0.336192464	-0.854950765	21	ACTB ACTG1 CDC42 VASP CTNNB1 RHOA
KEGG_LONG_TERM_POTENTIATION	0.76552795	1	0.046322779	0.36122178	0.790094253	16	PPP3CA PPP3CC MAPK1 MAPK3 RAF1 ITPR1 ITPR2 ITPR3 EP300
KEGG_MAPK_SIGNALING_PATHWAY	1	1	0.079556468	-0.159266464	-0.492644898	47	FLNC FLNA
KEGG_MEDICUS_REFERENCE_TLR2_4_MAPK_SIGNALING_PATHWAY	0.855799373	1	0.041655677	0.327803583	0.709044439	15	MAPK1 MAPK3 MAPK12 MAPK13 MAPK14 MAP2K4 MAP2K1 MAP2K2 TRAF6 MAPK10 MAPK8 MAPK9 MAPK11 MAP2K7
KEGG_MEDICUS_REFERENCE_WNT_SIGNALING_PATHWAY	0.026416045	0.339182022	0.352487858	-0.556014851	-1.52850497	26	WNT1 WNT10B WNT10A WNT9B FZD8 FZD5 WNT7B WNT7A LRP6 LRP5 WNT6 WNT5B WNT5A WNT4
KEGG_MEDICUS_VARIANT_FZD7_OVEREXPRESSION_TO_WNT_SIGNALING_PATHWAY	0.089456869	0.628854904	0.271288555	-0.565103851	-1.437081495	21	WNT1 WNT10B WNT10A WNT9B WNT7B WNT7A LRP6 LRP5 WNT6 WNT5B WNT5A WNT4
KEGG_MEDICUS_VARIANT_LRP6_OVEREXPRESSION_TO_WNT_SIGNALING_PATHWAY	0.041689923	0.401637896	0.321775918	-0.548861944	-1.494304115	25	WNT1 WNT10B WNT10A WNT9B FZD8 FZD5 WNT7B WNT7A LRP6 WNT6 WNT5B WNT5A WNT4
KEGG_MELANOGENESIS	0.050298942	0.436377305	0.321775918	-0.49964244	-1.411580399	30	WNT1 WNT10B WNT10A WNT9B FZD8 FZD5 WNT7B WNT7A WNT6 WNT5B WNT5A WNT4
KEGG_MELANOMA	0.442622951	1	0.070281284	0.449429198	1.025505573	19	TP53 CCND1 PDGFA PDGFB MAPK1 MAPK3 RAF1 PIK3R1 PIK3CD PTEN
KEGG_MTOR_SIGNALING_PATHWAY	0.556426332	1	0.061570676	0.437292634	0.945871022	15	TSC1 MAPK1 MAPK3 RPS6KB1 PIK3R1 PIK3CD PDPK1 TSC2 AKT1 AKT2 AKT3 RPS6KA1 RPS6KA3 RPS6KA2
KEGG_NATURAL_KILLER_CELL_MEDIATED_CYTOTOXICITY	0.803751804	1	0.040740353	0.322429907	0.77345003	24	PPP3CA PPP3CC PLCG2 MAPK1 MAPK3 RAF1 PIK3R1 PIK3CD VAV1 VAV2 VAV3 CASP3 PAK1 RAC1 PTK2B MAP2K1 MAP2K2 SYK SOS1 SOS2 HRAS SHC1 PPP3CB GRB2
KEGG_NEUROTROPHIN_SIGNALING_PATHWAY	0.954367666	1	0.027658899	0.246707931	0.658836326	50	GAB1 TP53 PLCG2 MAPK1 MAPK3 RAF1 PIK3R1 FOXO3 MAPK12 MAPK13 MAPK14 NFKBIA NFKBIB PIK3CD PDPK1 IRS1 IRS2 IRS4 RAC1 CSK AKT1 AKT2 AKT3 MAP2K1 MAP2K2 RPS6KA1 RPS6KA3 RPS6KA2 TRAF6 MAPK10 MAPK8 MAPK9 MAPK11 MAP2K7 NFKB1 GSK3B SOS1 SOS2 HRAS YWHAB YWHAG YWHAH YWHAQ YWHAZ RHOA SHC1 JUN GRB2 YWHAE
KEGG_NOD_LIKE_RECEPTOR_SIGNALING_PATHWAY	0.48136646	1	0.068151344	0.458831341	1.003593987	16	MAPK1 MAPK3 BIRC2 BIRC3 XIAP MAPK12 MAPK13 MAPK14 NFKBIA NFKBIB TRAF6 MAPK10 MAPK8 MAPK9 MAPK11 NFKB1
KEGG_NON_SMALL_CELL_LUNG_CANCER	0.797101449	1	0.041320951	0.322	0.762780602	22	TP53 CCND1 PLCG2 MAPK1 MAPK3 RAF1 PIK3R1 FOXO3 PIK3CD PDPK1 AKT1 AKT2 AKT3 MAP2K1 MAP2K2 E2F1 E2F2 CDK4 SOS1 SOS2 HRAS
KEGG_OOCYTE_MEIOSIS	0.672857143	1	0.048408762	0.348993193	0.859053103	27	CCNE1 CCNE2 CDK2 PPP3CA PPP3CC CDK1 MAPK1 MAPK3
KEGG_P53_SIGNALING_PATHWAY	0.546995378	1	0.061570676	0.427957549	0.956363636	18	CCNE1 CCNE2 CDK2 TP53 CCND1 CCND2 CCND3 CDK1 CHEK1
KEGG_PANCREATIC_CANCER	0.847605225	1	0.03855791	0.310715455	0.730878764	21	TP53 CCND1 MAPK1 MAPK3 RAF1 PIK3R1 JAK1 PIK3CD RAC1 AKT1 AKT2 AKT3 MAP2K1 E2F1 E2F2 CDK4 MAPK10 MAPK8 MAPK9 NFKB1
KEGG_PATHWAYS_IN_CANCER	0.024013078	0.334538802	0.352487858	-0.385970157	-1.363460734	91	WNT1 LAMA5 LAMA4 LAMA3 WNT10B WNT10A WNT9B LAMB4 LAMB2 LAMB1 LAMC3 LAMC2 LAMC1 FZD8 FZD5 SHH WNT7B WNT7A
KEGG_PROGESTERONE_MEDIATED_OOCYTE_MATURATION	0.090116279	0.628854904	0.178219875	0.566306525	1.365675942	25	CDC25A CCNA1 CCNA2 CDC25B CDK2 CDK1 MAPK1 MAPK3 RAF1
KEGG_PROSTATE_CANCER	0.563360882	1	0.05490737	0.370600038	0.937680613	33	CCNE1 CCNE2 CDK2 TP53 CCND1 PDGFA PDGFB MAPK1 MAPK3 RAF1
KEGG_REGULATION_OF_ACTIN_CYTOSKELETON	0.953405018	1	0.07588869	-0.234543011	-0.681070929	34	ACTB ACTG1 CDC42 CFL2 CFL1 RHOA HRAS SOS2 SOS1 WASF1 MAP2K2 MAP2K1 PTK2 CSK RAC1 PAK3 PAK2 PAK1 VAV3 VAV2 VAV1 ROCK2 ROCK1 PIK3CD PIK3R1 PAK6 PAK5 PAK4 RAF1 MAPK3 MAPK1 LIMK1 PDGFB PDGFA
KEGG_RENAL_CELL_CARCINOMA	0.98	1	0.030918432	0.228762542	0.563103164	27	GAB1 PDGFB EGLN1 MAPK1 MAPK3 RAF1 PAK4 PAK5 PAK6 PIK3R1 PIK3CD
KEGG_SMALL_CELL_LUNG_CANCER	0.040977075	0.401637896	0.321775918	-0.484593104	-1.420653289	35	LAMA5 LAMA4 LAMA3 LAMB4 LAMB2 LAMB1 LAMC3 LAMC2 LAMC1
KEGG_TGF_BETA_SIGNALING_PATHWAY	0.989655172	1	0.072003314	-0.198125837	-0.551326478	28	BMP8B BMP7 CHRD PITX2 RHOA PPP2R1A THBS4 THBS3 THBS2 THBS1 COMP PPP2CA BMP4 BMP2 EP300 ROCK2 ROCK1 BMP8A BMP6 BMP5 FST RPS6KB1 MAPK3 MAPK1 INHBB INHBA RBL2 E2F4
KEGG_TIGHT_JUNCTION	0.654494382	1	0.082896213	-0.342232537	-0.852076399	17	ACTB ACTG1 CDC42 MYH2 CTNNB1 RHOA HRAS PPP2R1A
KEGG_TOLL_LIKE_RECEPTOR_SIGNALING_PATHWAY	0.771345876	1	0.042759143	0.332593191	0.791503785	23	MAPK1 MAPK3 PIK3R1 MAPK12 MAPK13 MAPK14 NFKBIA PIK3CD MAP2K4 RAC1 AKT1 AKT2 AKT3 MAP2K1 MAP2K2 TRAF6 MAPK10 MAPK8 MAPK9 MAPK11 MAP2K7 NFKB1
KEGG_T_CELL_RECEPTOR_SIGNALING_PATHWAY	0.943850267	1	0.029493642	0.258387161	0.676439402	44	PPP3CA CBL PPP3CC MAPK1 MAPK3 RAF1 PAK4 PAK5 PAK6 PIK3R1 PTPRC MAPK12 MAPK13 MAPK14 NFKBIA NFKBIB TEC PIK3CD PDPK1 VAV1 VAV2 VAV3 PAK1 PAK2 PAK3 AKT1 AKT2 AKT3 MAP2K1 MAP2K2 CDK4 MAPK9 MAPK11 MAP2K7 NFKB1 GSK3B SOS1 SOS2 HRAS RHOA PPP3CB JUN GRB2
KEGG_VEGF_SIGNALING_PATHWAY	0.920289855	1	0.034641017	0.279297141	0.661622489	22	PPP3CA PPP3CC PLCG2 MAPK1 MAPK3 RAF1 PIK3R1 MAPK12 MAPK13 MAPK14 PIK3CD
KEGG_WNT_SIGNALING_PATHWAY	0.445414847	1	0.135740944	-0.313741811	-0.996105216	54	WNT1 WNT10B WNT10A WNT9B FZD8 FZD5 WNT7B WNT7A LRP6 LRP5 WNT6 WNT5B WNT5A WNT4 WIF1
PID_A6B1_A6B4_INTEGRIN_PATHWAY	0.013128803	0.286302192	0.380730401	-0.607913742	-1.631638778	24	LAMA5 LAMA4 LAMA3 LAMB2 LAMB1 LAMC3 LAMC2 LAMC1
PID_AVB3_INTEGRIN_PATHWAY	0.924471299	1	0.06879431	-0.257413451	-0.650947826	19	COL15A1 COL4A6 COL4A5 SDC1 COL4A4
PID_AVB3_OPN_PATHWAY	0.934065934	1	0.063642408	-0.262110153	-0.619179902	15	CDC42 JUN RHOA ILK NFKB1 MAPK8 SYK PTK2B RAC1 VAV3 ROCK2 NFKBIA PIK3R1 MAPK3 MAPK1
PID_BCR_5PATHWAY	0.743732591	1	0.042673386	0.324161074	0.815744078	32	PPP3CA LYN PPP3CC CSNK2A1 PLCG2 MAPK1 MAPK3 RAF1 MAP4K1 PIK3R1 PTPRC MAPK14 NFKBIA NFKBIB BTK PTEN PDPK1 VAV2 RAC1 CSK AKT1 MAP2K1 SYK TRAF6 MAPK8 NFKB1 SOS1 HRAS SHC1 PPP3CB JUN GRB2
PID_BETA_CATENIN_NUC_PATHWAY	0.905572755	1	0.038478692	0.300996678	0.665060669	17	CCND1 CCND2 TLE1 TLE2 EP300 CTBP1 TBXT SFN YWHAB YWHAG YWHAH YWHAQ YWHAZ PITX2 CTNNB1 JUN YWHAE
PID_CDC42_PATHWAY	0.98	1	0.030918432	0.228762542	0.563103164	27	CBL LIMK1 MAPK1 MAPK3 RAF1 PAK4 RPS6KB1 PARD6A PIK3R1 MAPK14 MAP2K4 VAV2 PAK1 PAK2 RAC1 MAPK8 MAPK9 MAP2K7 ACTR2 GSK3B MTOR HRAS CTNNB1 ACTR3 JUN CFL1 CDC42
PID_CXCR4_PATHWAY	0.997019374	1	0.03214284	0.22754491	0.519210978	19	LYN LIMK1 PIK3R1 PTPRC FOXO1 PIK3CD PTEN PDPK1 VAV1
PID_E2F_PATHWAY	0.23447205	1	0.108394256	0.545535169	1.193239794	16	CDC25A CCNA2 CCNE1 CCNE2 CDK2 E2F4 RBL2 CCND3 CDK1
PID_EPO_PATHWAY	0.868012422	1	0.040575645	0.320717131	0.701499125	16	LYN GAB1 CBL PLCG2 PIK3R1 MAPK14 BTK TEC
PID_ERBB1_DOWNSTREAM_PATHWAY	0.953405018	1	0.07588869	-0.235049921	-0.682542905	34	CDC42 YWHAE GRB2 JUN ACTR3 YWHAZ YWHAQ YWHAH YWHAG YWHAB SFN HRAS SOS1 PPP2R1A MTOR PPP2CA ACTR2 MAPK9 MAPK8
PID_ERBB2_ERBB3_PATHWAY	0.926282051	1	0.071652737	-0.26298269	-0.66112268	20	CDC42 GRB2 JUN PPP3CB SHC1 HRAS SOS1 MTOR MAPK9 MAPK8 MAPK10 MAP2K2 MAP2K1 AKT1 RAC1 PIK3CD PIK3R1 RAF1 MAPK3 MAPK1
PID_FAK_PATHWAY	0.963746224	1	0.066742613	-0.228875582	-0.578781186	19	MMP14 GRB2 JUN RHOA SOS1 ARHGEF11 MAPK9 MAPK8 MAPK8IP3 MAP2K1 PTK2 RAC1 PAK1 MAP2K4 ROCK2 PIK3R1 RAF1 MAPK1 CCND1
PID_FAS_PATHWAY	0.462382445	1	0.070619625	0.465826145	1.007589465	15	BIRC2 BIRC3 PIK3R1 MAPK14 BTK PIK3CD PDPK1 CASP3 AKT1 SYK MAPK10 MAPK8 MAPK9 MAPK11 MAP2K7
PID_FCER1_PATHWAY	0.80463097	1	0.0408229	0.32221481	0.766805359	23	LYN CBL MAPK1 MAPK3 RAF1 PIK3R1 BTK MAP2K4 VAV1 PAK2 AKT1 PTK2 MAP2K1 MAP2K2 SYK MAPK8 MAP2K7 NFKB1 SOS1 HRAS SHC1 JUN GRB2
PID_FGF_PATHWAY	0.990595611	1	0.03486522	0.234240212	0.506665358	15	GAB1 CBL MAPK1 MAPK3 PAK4 PIK3R1
PID_FOXO_PATHWAY	0.872278665	1	0.037225401	0.301798801	0.709904612	21	CDK2 CSNK1D RBL2 CSNK1G1 FOXO1 FOXO3 EP300 AKT1 MAPK10 MAPK8 MAPK9 CSNK1A1 SFN YWHAB YWHAG YWHAH YWHAQ YWHAZ CTNNB1 GADD45A YWHAE
PID_IGF1_PATHWAY	0.915360502	1	0.03855791	0.300597213	0.650196621	15	PTPN1 RAF1 RPS6KB1 PIK3R1 PDPK1 IRS1 IRS2 AKT1 PTK2 SOS1 HRAS YWHAZ SHC1 GRB2 YWHAE
PID_IL2_1PATHWAY	0.80463097	1	0.0408229	0.32221481	0.766805359	23	CDK2 MAPK1 MAPK3 RAF1 PIK3R1 JAK1 JAK3 MAPK14 IRS1 IRS2 PTK2B MAP2K1 MAP2K2 SYK MAPK8 MAPK9 MAPK11 SOS1 HRAS RHOA SHC1 JUN GRB2
PID_IL6_7_PATHWAY	0.868338558	1	0.040988387	0.320504313	0.693256	15	TIMP1 GAB1 PIK3R1 JAK1 FOXO1 MAPK14 MAP2K4 VAV1
PID_INTEGRIN1_PATHWAY	0.020770378	0.319325789	0.352487858	-0.649346713	-1.63487572	18	LAMA5 LAMA4 LAMA3 NID1 LAMB2 LAMB1 LAMC2 LAMC1 COL4A6 COL4A5 CSPG4
PID_KIT_PATHWAY	0.797101449	1	0.041320951	0.322	0.762780602	22	LYN GAB1 CBL MAPK3 RAF1 RPS6KB1 MAP4K1 PIK3R1 FOXO3 TEC PTEN PDPK1
PID_MET_PATHWAY	0.970792768	1	0.03006181	0.233820425	0.5865911	29	GAB1 CBL PTPN1 MAPK1 MAPK3 RAF1 PAK4 PARD6A PIK3R1 PDPK1 MAP2K4 PAK1 PAK2 RAC1 AKT1 AKT2 PTK2 MAP2K1 MAP2K2 MAPK8 MTOR SOS1 HRAS RHOA SHC1 CTNNB1 JUN GRB2
PID_MTOR_4PATHWAY	0.812857143	1	0.039759648	0.307253394	0.756309826	27	CCNE1 CDK2 TSC1 MAPK1 MAPK3 RAF1 SREBF1 RPS6KB1 PDPK1 TSC2 IRS1 RAC1 AKT1 MAP2K1 MAP2K2 RPS6KA1 FBXW11 MTOR HRAS SFN YWHAB YWHAG YWHAH YWHAQ YWHAZ RHOA
PID_NFAT_3PATHWAY	0.901386749	1	0.038478692	0.301196809	0.673089365	18	PPP3CA CSNK2A1 MAPK3 MAPK14 EP300 CASP3 MAPK8 MAPK9 CSNK1A1 GSK3B SFN YWHAB YWHAG YWHAH YWHAQ YWHAZ PPP3CB YWHAE
PID_P75_NTR_PATHWAY	0.927492447	1	0.068632563	-0.25474994	-0.644212331	19	MMP3 APAF1
PID_PDGFRB_PATHWAY	0.793333333	1	0.03769233	0.305668016	0.795984495	40	LYN GAB1 CBL PDGFB PTPN1 MAPK1 MAPK3 RAF1 PIK3R1 PIK3CD PTEN MAP2K4 VAV2 PAK1 RAC1 CSK MAP2K1 MAP2K2 RPS6KA3 MAPK10 MAPK8 MAPK9 MAP2K7 ACTR2 PPP2CA PPP2R1A SOS1 HRAS SFN YWHAB YWHAG YWHAH YWHAQ YWHAZ RHOA SHC1 ACTR3 JUN GRB2 YWHAE
PID_PI3KCI_AKT_PATHWAY	0.896764253	1	0.038716674	0.307818196	0.687886286	18	GSK3A SLC2A4 RAF1 FOXO1 FOXO3 PDPK1 AKT1 AKT2 AKT3 GSK3B MTOR SFN YWHAB YWHAG YWHAH YWHAQ YWHAZ
PID_PI3K_PLC_TRK_PATHWAY	0.906110283	1	0.036685043	0.301397206	0.687726822	19	GAB1 CCND1 PIK3R1 FOXO3 CREB1 PDPK1 AKT1 GSK3B SOS1 HRAS SFN YWHAB YWHAG YWHAH YWHAQ YWHAZ SHC1 GRB2 YWHAE
PID_PS1_PATHWAY	0.906344411	1	0.069779252	-0.268894838	-0.679981988	19	WNT1 LRP6 WIF1 JUN ADAM10 CTNNB1
PID_RAC1_PATHWAY	0.97826087	1	0.035015069	0.252988048	0.553356453	16	RACGAP1 LIMK1 MAPK14 MAP2K4 PAK1 PAK2 RAC1 MAPK8 MAPK9 MAP2K7 ACTR2 WASF1 CTNNB1 ACTR3 JUN CFL1
PID_RB_1PATHWAY	0.166409861	0.953885098	0.131457612	0.561291152	1.254326388	18	CCNA2 CCNE1 CDK2 E2F4 CCND1 CCND2 CCND3 RAF1
PID_REG_GR_PATHWAY	0.852484472	1	0.041404427	0.328021248	0.717475296	16	TP53 MAPK1 MAPK3 MAPK14 CREB1 EP300 AKT1 MAPK10 MAPK8 MAPK9 MAPK11 NFKB1 GSK3B SFN YWHAH JUN
PID_RET_PATHWAY	0.868012422	1	0.040575645	0.320717131	0.701499125	16	GAB1 MAPK1 MAPK3 PIK3R1 CREB1 IRS1 IRS2 RAC1 PTK2 MAPK8 SOS1 HRAS RHOA SHC1 JUN GRB2
PID_SHP2_PATHWAY	0.990595611	1	0.03486522	0.234240212	0.506665358	15	GAB1 PDGFB RAF1 PIK3R1 JAK1 JAK3 IRS1 MAP2K1 MAP2K2 SOS1 HRAS RHOA SHC1 GRB2 SDC2
PID_TCR_PATHWAY	0.818681319	1	0.070113216	-0.316652459	-0.748024588	15	FLNA CDC42 GRB2 SHC1 HRAS SOS1
PID_VEGFR1_2_PATHWAY	0.976811594	1	0.031781251	0.228	0.54010552	22	GAB1 CBL MAPK1 MAPK3 RAF1 PIK3R1 MAPK14 PDPK1 ROCK1 PAK2 AKT1 PTK2B PTK2 MAP2K1 MAP2K2 FBXW11 MAPK11 RHOA CTNNB1 ARF1 GRB2
PID_WNT_NONCANONICAL_PATHWAY	0.595505618	1	0.088094501	-0.364372654	-0.907199946	17	FLNA FZD5 CDC42 WNT5A
REACTOME_ACTIVATION_OF_BH3_ONLY_PROTEINS	0.914835165	1	0.064648457	-0.270232707	-0.638367722	15	PPP1R13B YWHAE YWHAZ YWHAQ YWHAH YWHAG YWHAB SFN
REACTOME_ADAPTIVE_IMMUNE_SYSTEM	0.800524934	1	0.036531493	0.303053532	0.806868576	49	CTSE RACGAP1 PPP3CA LYN FBXW4 PLCG2 RAF1
REACTOME_APOPTOSIS	1	1	0.071478629	-0.164185981	-0.456881748	28	APAF1 CASP7 PPP1R13B YWHAE CTNNB1 YWHAZ YWHAQ YWHAH YWHAG YWHAB SFN
REACTOME_ASSEMBLY_OF_COLLAGEN_FIBRILS_AND_OTHER_MULTIMERIC_STRUCTURES	0.266288952	1	0.142056644	-0.462498531	-1.164443591	18	PXDN TLL2 TLL1 BMP1 LAMA3 LAMC2 MMP3 CTSB COL15A1 COL4A6 COL4A5 COL4A2
REACTOME_BETA_CATENIN_INDEPENDENT_WNT_SIGNALING	0.553054662	1	0.100279107	-0.35053469	-0.921203676	23	WNT1 FZD8 FZD5 WNT5B WNT5A WNT4 CTNNB1 PPP3CB RHOA
REACTOME_CDC42_GTPASE_CYCLE	0.989130435	1	0.034491922	0.227091633	0.496713666	16	RACGAP1 PAK4 PAK5 PAK6 PARD6A PIK3R1 DAAM1 VAV2 VAV3
REACTOME_CELLULAR_RESPONSES_TO_STIMULI	0.314666667	1	0.082205492	0.42812652	1.114876447	40	CCNA1 CCNA2 GSK3A CCNE1 CCNE2 CDK2 TP53 PDGFA EGLN1 CSNK2A1 MAPK1 MAPK3
REACTOME_CELLULAR_SENESCENCE	0.146164978	0.902287654	0.136490438	0.54121325	1.287976863	23	CCNA1 CCNA2 CCNE1 CCNE2 CDK2 TP53 MAPK1 MAPK3
REACTOME_CELL_CELL_COMMUNICATION	0.096153846	0.643028846	0.241339977	-0.586021056	-1.384351032	15	LAMA3 FLNC FLNA LAMC2 ACTB ACTG1
REACTOME_CELL_CYCLE	0.046979866	0.42549916	0.241339977	0.53827966	1.410597899	42	CDC25A CCNA1 CCNA2 CCNE1 CCNE2 CDC25B CDK2 LYN E2F4 TP53 CDK7 CSNK1D RBL2 CCND1 CCND2 CCND3 CDK1 WEE1 CSNK2A1 MAPK1 MAPK3
REACTOME_CELL_CYCLE_CHECKPOINTS	0.219076006	1	0.110122264	0.530677067	1.210896603	19	CDC25A CCNA1 CCNA2 CCNE1 CCNE2 CDK2 TP53 CDK1 WEE1
REACTOME_CELL_CYCLE_MITOTIC	0.015388787	0.286302192	0.380730401	0.61186073	1.570349229	36	CDC25A CCNA1 CCNA2 CCNE1 CCNE2 CDC25B CDK2 LYN E2F4 TP53 CDK7 CSNK1D RBL2 CCND1 CCND2 CCND3 CDK1 WEE1 CSNK2A1 MAPK1 MAPK3
REACTOME_CLASS_B_2_SECRETIN_FAMILY_RECEPTORS	0.006685309	0.227474865	0.407017919	-0.65358811	-1.662100475	21	WNT1 WNT10B WNT10A WNT9B FZD8 FZD5 SHH IHH DHH WNT7B WNT7A
REACTOME_COLLAGEN_DEGRADATION	0.00406317	0.227474865	0.407017919	-0.705549315	-1.756647469	17	MMP3 MMP19 MMP14 MMP12 MMP10 MMP15 MMP11 CTSD CTSB COL15A1 COL4A6 COL4A5 COL4A2
REACTOME_COLLAGEN_FORMATION	0.453074434	1	0.113312908	-0.362378586	-0.972623108	24	PXDN TLL2 TLL1 BMP1 LAMA3 LAMC2 MMP3 CTSB COL15A1 COL4A6 COL4A5 COL4A2 LOXL2 PLOD3 PLOD2 PLOD1 P4HA2 P4HA1
REACTOME_COSTIMULATION_BY_THE_CD28_FAMILY	0.986068111	1	0.034491922	0.227242525	0.502098783	17	LYN PIK3R1 PDPK1 VAV1 PAK1 PAK2 PAK3 RAC1 CSK AKT1 AKT2 AKT3 PPP2CA MTOR PPP2R1A GRB2 CDC42
REACTOME_CYCLIN_A_CDK2_ASSOCIATED_EVENTS_AT_S_PHASE_ENTRY	0.007086444	0.227474865	0.407017919	0.743446652	1.642666397	17	CDC25A CCNA1 CCNA2 CCNE1 CCNE2 CDC25B CDK2 E2F4 CDK7 RBL2 CCND1 WEE1
REACTOME_CYCLIN_D_ASSOCIATED_EVENTS_IN_G1	0.039184953	0.401637896	0.287857117	0.690003611	1.49248894	15	CCNE1 CCNE2 CDK2 LYN E2F4 CDK7 RBL2 CCND1 CCND2 CCND3
REACTOME_CYTOKINE_SIGNALING_IN_IMMUNE_SYSTEM	1	1	0.095287985	-0.156543292	-0.526576426	71	LAMA5 FLNA MMP3 CDC42 SDC1 CFL1 FSCN1 GRB2 JUN ARF1 SHC1 YWHAZ HRAS SOS2 SOS1 STAT6 PPP2R1A PPP2CA ADAM17 NFKB2 NFKB1 MAP2K7 MAPK11 MAPK9 MAPK8 MAPK10 TRAF6 SYK FBXW11 BTRC RPS6KA2 RPS6KA3 RPS6KA1 MAP2K1 PTK2B AKT3 AKT2 AKT1 CSK PAK2 IRS2 IRS1 CASP3 VAV1 MAP2K4 CREB1 PIK3CD TEC NFKBIB NFKBIA MAPK14 FOXO3 FOXO1 JAK3 JAK1 PIK3R1 BIRC3 BIRC2 F13A1 LGALS9 RAF1 MAPK3 MAPK1 PLCG2 PTPN1 CDK1 CCND1 CBL TP53 LYN
REACTOME_C_TYPE_LECTIN_RECEPTORS_CLRS	0.725036179	1	0.04558782	0.343562375	0.817608198	23	PPP3CA LYN PLCG2 RAF1 NFKBIA ITPR1 ITPR2 ITPR3 PDPK1 EP300 PAK1 PAK2 PAK3 BTRC FBXW11 SYK TRAF6 NFKB1 NFKB2 MUC5AC HRAS PPP3CB MUC4
REACTOME_DEATH_RECEPTOR_SIGNALING	0.736543909	1	0.077073673	-0.325132979	-0.818595061	18	YWHAE RHOA SOS2 SOS1 ADAM17 NFKB1 ARHGEF11 MAPK8 TRAF6 RAC1 CASP3 VAV3 VAV2 VAV1 NFKBIA XIAP BIRC3 BIRC2
REACTOME_DEGRADATION_OF_THE_EXTRACELLULAR_MATRIX	0.000123301	0.039579726	0.518848078	-0.668884619	-1.98521578	37	TLL2 TLL1 BMP1 LAMA5 LAMA3 NID1 LAMB1 LAMC2 LAMC1 ADAMTS18 MMP3 MMP19 MMP14 MMP12 MMP10 HSPG2 MMP17 MMP15 MMP11 CTSD CTSB COL15A1 FBN2 COL4A6 COL4A5 COL4A2
REACTOME_DEVELOPMENTAL_BIOLOGY	0.578947368	1	0.158514105	-0.261813837	-0.963603934	110	WNT1 WNT10B LAMB1 LAMC1 SHH IHH DHH ACTB SLIT3 SLIT2 SLIT1 ACTG1 NTN3 NTN1 CAP1 COL4A5 COL4A2 CDC42 SDC2 CFL1 VASP WNT4 DAG1 COL4A4 GRB2 JUN ADAM10 ACTR3 CTNNB1 SEMA4D SEMA4A SEMA3A SEMA5A PPP3CB SHC1 RHOA LAMA2
REACTOME_DISASSEMBLY_OF_THE_DESTRUCTION_COMPLEX_AND_RECRUITMENT_OF_AXIN_TO_THE_MEMBRANE	0.38547486	1	0.114266502	-0.429115935	-1.041942897	16	WNT1 FZD5 LRP6 LRP5
REACTOME_DISEASES_ASSOCIATED_WITH_O_GLYCOSYLATION_OF_PROTEINS	0.173184358	0.958485841	0.178219875	-0.522625089	-1.26899389	16	ADAMTS7 ADAMTS6 ADAMTS18 ADAMTS12 ADAMTS10
REACTOME_DISEASES_OF_GLYCOSYLATION	0.047719532	0.42549916	0.321775918	-0.528697425	-1.471210894	28	ADAMTS7 ADAMTS6 ADAMTS18 ADAMTS12 ADAMTS10 HSPG2 SPON2 CSPG4 SDC4 SDC3 SDC2 SDC1
REACTOME_DISEASES_OF_METABOLISM	0.037798405	0.401637896	0.321775918	-0.540933032	-1.502295163	29	ADAMTS7 ADAMTS6 ADAMTS18 ADAMTS12 ADAMTS10 HSPG2 SFTPB SPON2 CSPG4 SDC4 SDC3 SDC2 SDC1
REACTOME_DISEASES_OF_SIGNAL_TRANSDUCTION_BY_GROWTH_FACTOR_RECEPTORS_AND_SECOND_MESSENGERS	0.904977376	1	0.091392433	-0.240095828	-0.775908654	57	FZD8 FZD5 SHH IHH DHH ACTB ACTG1 LRP6 LRP5
REACTOME_ECM_PROTEOGLYCANS	0.040484338	0.401637896	0.321775918	-0.6531144	-1.542844893	15	LAMA5 LAMA4 LAMA3 LAMB2 LAMB1 LAMC1 HSPG2 COL4A6 COL4A5 COL4A2 DAG1 COL4A4 SPARC
REACTOME_EPHB_MEDIATED_FORWARD_SIGNALING	0.636871508	1	0.084074558	-0.363003838	-0.881415115	16	ACTB ACTG1 CDC42 SDC2 CFL1 ACTR3 RHOA HRAS
REACTOME_EPH_EPHRIN_SIGNALING	0.552715655	1	0.099927697	-0.363490204	-0.92437	21	ACTB ACTG1 CDC42 SDC2 CFL1 ADAM10 ACTR3 RHOA HRAS
REACTOME_ESR_MEDIATED_SIGNALING	0.915407855	1	0.069283647	-0.261248965	-0.660647084	19	MMP3 CTSD ERBB4 JUN SHC1 HRAS
REACTOME_EXTRACELLULAR_MATRIX_ORGANIZATION	0.004198223	0.227474865	0.407017919	-0.468679392	-1.549939569	65	PXDN TLL2 TLL1 BMP1 LAMA5 LAMA4 LAMA3 NID1 LAMB2 LAMB1 LAMC3 LAMC2 LAMC1 ADAMTS18 MMP3 MMP19 MMP14 MMP12 MMP10 HSPG2 MMP17 MMP15 MMP11 CTSD BMP7 CTSB COL15A1 FBN2 COL4A6 COL4A5 COL4A2 FBLN2 SDC4 SDC3 SDC2 SDC1 LOXL2 PLOD3 PLOD2 PLOD1 P4HA2 P4HA1
REACTOME_FCERI_MEDIATED_CA_2_MOBILIZATION	0.868012422	1	0.040575645	0.320717131	0.701499125	16	PPP3CA LYN PLCG2 BTK TEC ITPR1 ITPR2 ITPR3 VAV1 VAV2 VAV3
REACTOME_FCERI_MEDIATED_MAPK_ACTIVATION	0.808417997	1	0.040740353	0.321785476	0.756918162	21	LYN PLCG2 MAPK1 MAPK3 MAP2K4 VAV1 VAV2 VAV3 PAK1 PAK2 RAC1 SYK MAPK10 MAPK8 MAPK9 MAP2K7 SOS1 HRAS SHC1 JUN GRB2
REACTOME_FCGAMMA_RECEPTOR_FCGR_DEPENDENT_PHAGOCYTOSIS	0.947194719	1	0.072003314	-0.241989289	-0.665237323	26	ACTB ACTG1 CDC42 CFL1 MYH2 GRB2 ACTR3
REACTOME_FC_EPSILON_RECEPTOR_FCERI_SIGNALING	0.730136986	1	0.042759143	0.324815064	0.82944845	35	PPP3CA LYN PLCG2 MAPK1 MAPK3 PIK3R1 NFKBIA BTK TEC ITPR1 ITPR2 ITPR3 PDPK1 MAP2K4 VAV1 VAV2 VAV3 PAK1 PAK2 RAC1 BTRC FBXW11 SYK TRAF6 MAPK10 MAPK8 MAPK9 MAP2K7 NFKB1 SOS1 HRAS SHC1 PPP3CB JUN GRB2
REACTOME_FOXO_MEDIATED_TRANSCRIPTION	0.866459627	1	0.040657934	0.321381142	0.702951504	16	RBL2 SREBF1 FOXO1 FOXO3 EP300 PLXNA4 MSTN AKT1 AKT2 AKT3 SFN YWHAB YWHAG YWHAQ YWHAZ GADD45A
REACTOME_GPCR_LIGAND_BINDING	0.00943685	0.235948616	0.380730401	-0.644562258	-1.665784298	22	WNT1 WNT10B WNT10A WNT9B FZD8 FZD5 SHH IHH DHH WNT7B WNT7A
REACTOME_G_ALPHA_Q_SIGNALLING_EVENTS	0.934065934	1	0.063642408	-0.262110153	-0.619179902	15	MMP3 GRB2 HRAS SOS1 RPS6KA2 RPS6KA3 RPS6KA1 CREB1 ITPR3 ITPR2 ITPR1 BTK PIK3R1 MAPK3 MAPK1
REACTOME_HEMOSTASIS	1	1	0.082434409	-0.13877551	-0.438128614	52	FLNA ACTB CAP1 CDC42 SDC4 SDC3 SDC2 SDC1 CFL1 CD109 SPARC GRB2 SHC1 RHOA YWHAZ HRAS SOS1 PPP2R1A THBS1 SERPINB6 PPP2CA A2M SYK PTK2 AKT1 CSK RAC1 GPC1 VAV3 VAV2 VAV1 PDPK1 ITPR3 ITPR2 ITPR1 MAPK14 PIK3R1 F13A1 RAF1 MAPK3 MAPK1 PLCG2 PTPN1 WEE1 PDGFB PDGFA TP53 LYN RACGAP1 TIMP3 TIMP1 CDK2
REACTOME_INFECTIOUS_DISEASE	1	1	0.101713902	-0.191934836	-0.659554373	82	HSPG2 ACTB ACTG1 CDC42 SDC4 SDC3 SDC2 SDC1 WNT5A YWHAE MYH2 GRB2 JUN ACTR3 ARF1 CTNNB1 CTSL YWHAZ YWHAQ YWHAH YWHAG YWHAB SFN GPC5 GPC3 SOS1 GSK3B SYT1 RPL13A CSNK1A1 ADAM17 NFKB2 NFKB1 WASF1 ACTR2 RPS4X MAP2K7
REACTOME_INNATE_IMMUNE_SYSTEM	0.974759615	1	0.022083414	0.235341737	0.671182079	86	CRISPLD2 SERPINB3 CPN2 TIMP2 PPP3CA LYN PRSS3 TP53
REACTOME_INTERLEUKIN_17_SIGNALING	0.7808418	1	0.042331839	0.329113924	0.774156464	21	MAPK1 MAPK3 MAPK14 CREB1 MAP2K4 MAP2K1 RPS6KA1 RPS6KA3 RPS6KA2 BTRC FBXW11 TRAF6 MAPK10 MAPK8 MAPK9 MAPK11 MAP2K7 NFKB1 PPP2CA PPP2R1A
REACTOME_INTRACELLULAR_SIGNALING_BY_SECOND_MESSENGERS	0.773972603	1	0.040084563	0.31472764	0.803689182	35	GSK3A GAB1 TP53 PDGFA PDGFB CSNK2A1 MAPK1 MAPK3 XIAP PIK3R1 FOXO1 FOXO3 PIK3CD ITPR1 ITPR2 ITPR3 CREB1 PTEN PDPK1 TSC2 VAV1
REACTOME_INTRINSIC_PATHWAY_FOR_APOPTOSIS	0.89456869	1	0.073255866	-0.281270652	-0.715282419	21	APAF1 CASP7 PPP1R13B YWHAE YWHAZ YWHAQ YWHAH YWHAG YWHAB SFN
REACTOME_L1CAM_INTERACTIONS	0.093406593	0.637947159	0.245041785	-0.590902091	-1.395881447	15	LAMB1 LAMC1 ACTB ACTG1
REACTOME_LAMININ_INTERACTIONS	0.003265164	0.227474865	0.431707696	-0.749754906	-1.771137688	15	LAMA5 LAMA4 LAMA3 NID1 LAMB2 LAMB1 LAMC3 LAMC2 LAMC1 HSPG2 COL4A6 COL4A5 COL4A2
REACTOME_LEISHMANIA_INFECTION	0.992753623	1	0.074362538	-0.19837908	-0.571072971	33	ACTB ACTG1 CDC42 WNT5A MYH2 GRB2 JUN ACTR3
REACTOME_MAPK_FAMILY_SIGNALING_CASCADES	0.946564885	1	0.079556468	-0.234343434	-0.695519482	37	MMP10 ACTB PDE6D ACTG1 CDC42 ERBB4 GRB2 JUN SHC1 YWHAB HRAS SOS1 PPP2R1A PPP2CA MAP2K2 MAP2K1 PTK2 CSK RAC1 PAK3 PAK2 PAK1 IRS2 IRS1 MAPK12 FOXO3 FOXO1 JAK3 JAK1 PIK3R1 RAF1 MAPK3 MAPK1 CDK1 PDGFB PDGFA CCND3
REACTOME_MEMBRANE_TRAFFICKING	0.860215054	1	0.081302735	-0.261772104	-0.760139342	34	ACTB ACTG1 GDI2 GDI1 WNT5A YWHAE GORASP1 GRB2 ACTR3 LMAN1L LMAN1 ARF3 ARF1 YWHAZ YWHAQ YWHAH YWHAG YWHAB SFN
REACTOME_METABOLISM_OF_CARBOHYDRATES	0.14010989	0.899505495	0.197822021	-0.560935617	-1.325091977	15	HSPG2 CSPG4 SDC4 SDC3 SDC2 SDC1 GAPDH
REACTOME_MITOTIC_G1_PHASE_AND_G1_S_TRANSITION	0.002386655	0.227474865	0.431707696	0.710768969	1.691484804	23	CDC25A CCNA1 CCNA2 CCNE1 CCNE2 CDK2 LYN E2F4 CDK7 RBL2 CCND1 CCND2 CCND3 CDK1 WEE1
REACTOME_MITOTIC_G2_G2_M_PHASES	0.064714946	0.519337442	0.219250347	0.629552807	1.406871811	18	CDC25A CCNA1 CCNA2 CDC25B CDK2 TP53 CDK7 CSNK1D CDK1 WEE1
REACTOME_MYD88_INDEPENDENT_TLR4_CASCADE	0.731428571	1	0.044596162	0.334282883	0.822843408	27	TP53 MAPK1 MAPK3 BIRC2 BIRC3 MAPK14 NFKBIA NFKBIB CREB1 MAP2K4 MAP2K1 RPS6KA1 RPS6KA3 RPS6KA2 BTRC FBXW11 TRAF6 MAPK10 MAPK8 MAPK9 MAPK11 MAP2K7 NFKB1 NFKB2 PPP2CA PPP2R1A
REACTOME_NEGATIVE_REGULATION_OF_THE_PI3K_AKT_NETWORK	0.847826087	1	0.038478692	0.311584554	0.725114386	20	GAB1 PDGFA PDGFB MAPK1 MAPK3 PIK3R1 PIK3CD PTEN VAV1
REACTOME_NERVOUS_SYSTEM_DEVELOPMENT	0.247191011	1	0.213927855	-0.315301429	-1.087164352	80	LAMB1 LAMC1 ACTB SLIT3 SLIT2 SLIT1 ACTG1 NTN1 CAP1 COL4A5 COL4A2 CDC42 SDC2 CFL1 VASP DAG1 COL4A4 GRB2 ADAM10 ACTR3 SEMA4D SEMA4A SEMA3A SEMA5A PPP3CB SHC1 RHOA LAMA2
REACTOME_NEUTROPHIL_DEGRANULATION	0.271014493	1	0.095287985	0.502834099	1.170187143	20	CRISPLD2 SERPINB3 TIMP2
REACTOME_NON_INTEGRIN_MEMBRANE_ECM_INTERACTIONS	0.009555551	0.235948616	0.380730401	-0.643458472	-1.662931712	22	LAMA5 LAMA4 LAMA3 LAMB2 LAMB1 LAMC3 LAMC2 LAMC1 HSPG2 COL4A6 COL4A5 COL4A2 SDC4 SDC3 SDC2 SDC1
REACTOME_O_LINKED_GLYCOSYLATION	0.173184358	0.958485841	0.178219875	-0.522625089	-1.26899389	16	ADAMTS7 ADAMTS6 ADAMTS18 ADAMTS12 ADAMTS10
REACTOME_P75_NTR_RECEPTOR_MEDIATED_SIGNALLING	0.582417582	1	0.088094501	-0.385239484	-0.910046955	15	YWHAE RHOA SOS2 SOS1 ADAM17 NFKB1 ARHGEF11 MAPK8 TRAF6
REACTOME_PARASITE_INFECTION	0.733711048	1	0.077274697	-0.327031125	-0.823374068	18	ACTB ACTG1 CDC42 MYH2 GRB2 ACTR3
REACTOME_PCP_CE_PATHWAY	0.270949721	1	0.139599673	-0.475734302	-1.15513766	16	WNT1 FZD8 FZD5 WNT5B WNT5A WNT4
REACTOME_PI3K_AKT_SIGNALING_IN_CANCER	0.830680174	1	0.039356196	0.315907536	0.751795336	23	GSK3A GAB1 PDGFA PDGFB PIK3R1 FOXO1 FOXO3 PIK3CD CREB1 PTEN PDPK1 TSC2 VAV1
REACTOME_PLATELET_ACTIVATION_SIGNALING_AND_AGGREGATION	1	1	0.076674687	-0.140161725	-0.416814242	38	FLNA CAP1 CDC42 CFL1 CD109 SPARC GRB2 SHC1 RHOA YWHAZ SOS1 THBS1 A2M SYK PTK2 AKT1 CSK RAC1 VAV3 VAV2 VAV1 PDPK1 ITPR3 ITPR2 ITPR1 MAPK14 PIK3R1 F13A1 RAF1 MAPK3 MAPK1 PLCG2 PTPN1 PDGFB PDGFA LYN TIMP3 TIMP1
REACTOME_POST_TRANSLATIONAL_PROTEIN_MODIFICATION	0.891402715	1	0.092259726	-0.242918787	-0.785031504	57	LAMB2 LAMB1 LAMC1 ADAMTS7 ADAMTS6 ADAMTS18 ADAMTS12 ADAMTS10 ACTB
REACTOME_PROGRAMMED_CELL_DEATH	1	1	0.072003314	-0.165008732	-0.467667445	31	APAF1 CASP7 PPP1R13B YWHAE FLOT1 CTNNB1 YWHAZ YWHAQ YWHAH YWHAG YWHAB SFN
REACTOME_RAC1_GTPASE_CYCLE	0.984057971	1	0.031420922	0.227696405	0.529891282	20	RACGAP1 PAK4 PAK5 PAK6 PARD6A PIK3R1 VAV1 VAV2 VAV3 PAK1 PAK2 PAK3 RAC1 ARHGEF11 BCR WASF1 SOS1 SOS2
REACTOME_REGULATION_OF_TP53_ACTIVITY	0.429892142	1	0.073438141	0.468422142	1.046790516	18	CCNA1 CCNA2 CDK2 TP53 CDK1 CSNK2A1 CHEK1
REACTOME_RHOA_GTPASE_CYCLE	0.868338558	1	0.040988387	0.321831453	0.696126625	15	RACGAP1 PIK3R1 DAAM1 ROCK1 ROCK2 VAV1 VAV2 VAV3 FLOT2 ARHGEF11 BCR RHOA LMAN1 FLOT1 ARHGAP1
REACTOME_RHO_GTPASE_CYCLE	0.970588235	1	0.076279718	-0.219230302	-0.642704667	35	ACTB ACTG1 CDC42 GRB2 ARHGAP1 FLOT1 LMAN1 RHOA SOS2 SOS1 WASF1 BCR ARHGEF11 FLOT2 PLXND1 PLXNB1 PTK2B CSK RAC1 PAK3 PAK2 PAK1 PLXNA1 VAV3 VAV2 VAV1 ROCK2 ROCK1 DAAM1 PIK3R1 PARD6A PAK6 PAK5 PAK4
REACTOME_RHO_GTPASE_EFFECTORS	0.377862595	1	0.138022242	-0.346111399	-1.027241158	37	FLNA ACTB ACTG1 CDC42 CFL1 YWHAE GRB2 ACTR3 CTNNB1 RHOA YWHAZ YWHAQ YWHAH YWHAG YWHAB SFN PPP2R1A PPP2CA WASF1 ACTR2 MAPK11
REACTOME_RNA_POLYMERASE_II_TRANSCRIPTION	0.762562814	1	0.036761955	0.301127271	0.828455977	63	CCNA1 CCNA2 CCNE1 CCNE2 CDK2 E2F4 TP53 CDK7 RBL2 CCND1 CCND2 CCND3 CDK1 CCN2 PARP1 TSC1 CSNK2A1 PTPN1 MAPK1 MAPK3
REACTOME_SARS_COV_1_INFECTION	0.905279503	1	0.038637237	0.300796813	0.657927751	16	GSK3A NFKBIA PDPK1 EP300 TRAF6 RPS4X NFKB1 GSK3B SFN YWHAB YWHAG YWHAH YWHAQ YWHAZ CTSL
REACTOME_SARS_COV_2_INFECTION	0.477031802	1	0.115734448	-0.349009505	-0.969279484	29	HSPG2 SDC4 SDC3 SDC2 SDC1 YWHAE CTSL YWHAZ YWHAQ YWHAH YWHAG YWHAB SFN GPC5 GPC3
REACTOME_SARS_COV_INFECTIONS	0.80155642	1	0.089710465	-0.272848327	-0.821020305	42	HSPG2 SDC4 SDC3 SDC2 SDC1 YWHAE GRB2 CTSL YWHAZ YWHAQ YWHAH YWHAG YWHAB SFN GPC5 GPC3 SOS1 GSK3B CSNK1A1 NFKB1 RPS4X
REACTOME_SEMAPHORIN_INTERACTIONS	0.917197452	1	0.071827629	-0.256859543	-0.699312961	25	CFL1 SEMA4D SEMA4A SEMA3A SEMA5A RHOA GSK3B ARHGEF11 SEMA6D SEMA6A PLXND1 PLXNB3 PLXNB1
REACTOME_SENSORY_PERCEPTION	0.880804954	1	0.039759648	0.314527791	0.694958046	17	SAG ITPR3 GPC1 GPC2 GPC4 GPC6 CTBP2 GPC3 GPC5 FSCN2 SDC1 SDC2 SDC3 SDC4 ACTG1 ACTB HSPG2
REACTOME_SIGNALING_BY_GPCR	0.014430362	0.286302192	0.380730401	-0.449610131	-1.470762208	58	WNT1 WNT10B WNT10A WNT9B MMP3 FZD8 FZD5 SHH IHH DHH WNT7B WNT7A
REACTOME_SIGNALING_BY_INTERLEUKINS	1	1	0.087309826	-0.143755084	-0.468082485	59	LAMA5 MMP3 CDC42 SDC1 CFL1 FSCN1 GRB2 JUN ARF1 SHC1 YWHAZ SOS2 SOS1 STAT6 PPP2R1A PPP2CA NFKB2 NFKB1 MAP2K7 MAPK11 MAPK9 MAPK8 MAPK10 TRAF6 SYK FBXW11 BTRC RPS6KA2 RPS6KA3 RPS6KA1 MAP2K1 PTK2B AKT1 PAK2 IRS2 IRS1 CASP3 VAV1 MAP2K4 CREB1 PIK3CD TEC NFKBIB NFKBIA MAPK14 FOXO3 FOXO1 JAK3 JAK1 PIK3R1 F13A1 LGALS9 MAPK3 MAPK1 CCND1 CBL TP53 LYN
REACTOME_SIGNALING_BY_MET	0.004314387	0.227474865	0.407017919	-0.681057827	-1.722260861	19	LAMA5 LAMA4 LAMA3 LAMB2 LAMB1 LAMC3 LAMC2 LAMC1
REACTOME_SIGNALING_BY_NTRKS	0.747191011	1	0.042845051	0.323293173	0.802227717	28	PCSK5 PCSK6 GAB1 MAPK1 MAPK3 PIK3R1 MAPK12 MAPK13 MAPK14 CREB1 EP300 IRS1 IRS2 RAC1 MAP2K1 MAP2K2 RPS6KA1 RPS6KA3 RPS6KA2 MAPK11 PPP2CA PPP2R1A SOS1 HRAS YWHAB RHOA SHC1 GRB2
REACTOME_SIGNALING_BY_NUCLEAR_RECEPTORS	0.961538462	1	0.069779252	-0.239142835	-0.601190716	20	MMP3 CTSD
REACTOME_SIGNALING_BY_RECEPTOR_TYROSINE_KINASES	0.239520958	1	0.224966094	-0.32224824	-1.11154081	84	LAMA5 LAMA4 LAMA3 ANOS1 LAMB2 LAMB1 LAMC3 LAMC2 LAMC1 ACTB CTSD ACTG1 COL4A5 COL4A2 CDC42
REACTOME_SIGNALING_BY_RHO_GTPASES_MIRO_GTPASES_AND_RHOBTB3	0.995305164	1	0.088094501	-0.191023375	-0.625252295	60	FLNA ACTB ACTG1 CDC42 CFL1 YWHAE GRB2 ARHGAP1 FLOT1 ACTR3 LMAN1 CTNNB1 RHOA YWHAZ YWHAQ YWHAH YWHAG YWHAB SFN SOS2 SOS1 PPP2R1A
REACTOME_SIGNALING_BY_ROBO_RECEPTORS	0.196141479	1	0.179782316	-0.45410118	-1.193375973	23	SLIT3 SLIT2 SLIT1 NTN1 CAP1 COL4A5 CDC42 VASP DAG1 PPP3CB RHOA SOS2 SOS1
REACTOME_SIGNALING_BY_THE_B_CELL_RECEPTOR_BCR	0.826086957	1	0.03967872	0.321571238	0.748355231	20	PPP3CA LYN PLCG2 PIK3R1 NFKBIA NFKBIB BTK PIK3CD ITPR1 ITPR2 ITPR3 VAV1 BTRC FBXW11 SYK NFKB1 SOS1 HRAS PPP3CB GRB2
REACTOME_SIGNALING_BY_VEGF	0.456445993	1	0.117765788	-0.34741784	-0.984651006	31	ACTB ACTG1 CDC42 CTNNB1 RHOA HRAS MTOR WASF1 MAPK11 PTK2 PTK2B AKT3 AKT2 AKT1 RAC1 PAK3 PAK2 PAK1 VAV3 VAV2 VAV1 ROCK2 ROCK1 PDPK1 ITPR3 ITPR2 ITPR1 MAPK14 MAPK13 MAPK12 PIK3R1
REACTOME_SIGNALING_BY_WNT	0.161016949	0.939753467	0.23112671	-0.384213852	-1.208452837	51	WNT1 WNT10B WNT10A WNT9B FZD8 FZD5 WNT7B WNT7A LRP6 LRP5 WNT6 WNT5B WNT5A WNT4 WIF1
REACTOME_S_PHASE	0.00648023	0.227474865	0.407017919	0.727071042	1.624797383	18	CDC25A CCNA1 CCNA2 CCNE1 CCNE2 CDC25B CDK2 E2F4 CDK7 RBL2 CCND1 WEE1
REACTOME_TCF_DEPENDENT_SIGNALING_IN_RESPONSE_TO_WNT	0.491289199	1	0.112843356	-0.341371395	-0.96751418	31	WNT1 FZD8 FZD5 LRP6 LRP5 WNT5A WNT4 WIF1
REACTOME_TCR_SIGNALING	0.976489028	1	0.035542021	0.262110153	0.566948488	15	PLCG2 PIK3R1 PTPRC NFKBIA PTEN PDPK1 PAK1 PAK2 PAK3 CSK BTRC FBXW11 TRAF6 NFKB1
REACTOME_TOLL_LIKE_RECEPTOR_9_TLR9_CASCADE	0.770348837	1	0.04301732	0.32999332	0.795795065	25	TP53 MAPK1 MAPK3 MAPK14 NFKBIA NFKBIB CREB1 MAP2K4 MAP2K1 RPS6KA1 RPS6KA3 RPS6KA2 BTRC FBXW11 TRAF6 MAPK10 MAPK8 MAPK9 MAPK11 MAP2K7 NFKB1 NFKB2 PPP2CA PPP2R1A
REACTOME_TOLL_LIKE_RECEPTOR_CASCADES	0.985915493	1	0.073255866	-0.210738255	-0.60183333	32	CTSB JUN CTSV CTSL PPP2R1A PPP2CA NFKB2 NFKB1 MAP2K7 MAPK11 MAPK9 MAPK8 MAPK10 TRAF6 FBXW11 BTRC RPS6KA2 RPS6KA3 RPS6KA1 MAP2K1 MAP2K4 CREB1 BTK NFKBIB NFKBIA MAPK14 BIRC3 BIRC2 MAPK3 MAPK1 PLCG2 TP53
REACTOME_TOLL_LIKE_RECEPTOR_TLR1_TLR2_CASCADE	0.751072961	1	0.043450683	0.330213904	0.809394605	26	TP53 MAPK1 MAPK3 MAPK14 NFKBIA NFKBIB BTK CREB1 MAP2K4 MAP2K1 RPS6KA1 RPS6KA3 RPS6KA2 BTRC FBXW11 TRAF6 MAPK10 MAPK8 MAPK9 MAPK11 MAP2K7 NFKB1 NFKB2 PPP2CA PPP2R1A
REACTOME_TP53_REGULATES_METABOLIC_GENES	0.915360502	1	0.03855791	0.300597213	0.650196621	15	TP53 TSC1 PTEN TSC2 AKT1 AKT2 AKT3 MTOR SFN YWHAB YWHAG YWHAH YWHAQ YWHAZ
REACTOME_TRANSCRIPTIONAL_REGULATION_BY_TP53	0.612162162	1	0.050193425	0.354572219	0.912831433	37	CCNA1 CCNA2 CCNE1 CCNE2 CDK2 E2F4 TP53 CDK7 RBL2 CDK1 TSC1 CSNK2A1
REACTOME_VESICLE_MEDIATED_TRANSPORT	0.705223881	1	0.094664622	-0.290224187	-0.859389129	36	ACTB ACTG1 COL4A2 GDI2 GDI1 WNT5A YWHAE GORASP1 SPARC GRB2 ACTR3 LMAN1L LMAN1 ARF3 ARF1 YWHAZ YWHAQ YWHAH YWHAG YWHAB SFN
REACTOME_VIRAL_INFECTION_PATHWAYS	0.987234043	1	0.083129129	-0.214174768	-0.66887852	50	HSPG2 SDC4 SDC3 SDC2 SDC1 YWHAE GRB2 ARF1 CTSL YWHAZ YWHAQ YWHAH YWHAG YWHAB SFN GPC5 GPC3 SOS1 GSK3B RPL13A CSNK1A1 NFKB1 RPS4X
SA_B_CELL_RECEPTOR_COMPLEXES	0.859784284	1	0.040657934	0.321143617	0.71766482	18	LYN MAPK1 MAPK3 VAV1 VAV2 VAV3 RAC1 MAP2K1 MAPK8IP3 RPS6KA1 RPS6KA3 SYK BCR SOS1 HRAS SHC1 JUN GRB2
SA_PTEN_PATHWAY	0.868338558	1	0.040988387	0.320504313	0.693256	15	RBL2 MAPK1 MAPK3 BPNT1 PIK3CD PTEN PDPK1 AKT1 AKT2 AKT3 PTK2B ILK SOS1 SHC1 GRB2
SIG_BCR_SIGNALING_PATHWAY	0.977869986	1	0.029422766	0.243951613	0.618821501	34	GSK3A PPP3CA LYN PPP3CC PLCG2 MAPK1 MAPK3 RAF1 MAP4K1 PIK3R1 PTPRC BTK PIK3CD ITPR1 ITPR2 ITPR3 PDPK1
SIG_CD40PATHWAYMAP	0.83357453	1	0.039195634	0.313724793	0.746600854	23	MAPK1 MAPK3 PIK3R1 MAPK12 MAPK13 MAPK14 NFKBIA NFKBIB PIK3CD MAPK8IP1 MAP2K4 TONSL MAPK8IP3 TRAF6 MAPK10 MAPK8 MAPK9 MAPK11 MAP2K7 NFKB1 NFKB2 SYT1
SIG_CHEMOTAXIS	0.931506849	1	0.031349	0.265861717	0.678905057	35	SAG RACGAP1 LIMK1 PAK4 PAK5 PAK6 PIK3R1 BTK PIK3CD ITPR1 ITPR2 ITPR3 PTEN PDPK1 ROCK1 ROCK2 PAK1 PAK2 PAK3 AKT1 AKT2 AKT3 ARHGEF11 RPS4X ACTR2 WASF1 PITX2 ACTR3 ARHGAP1 GDI1 GDI2 CFL1 CFL2 PPP1R13B CDC42
SIG_IL4RECEPTOR_IN_B_LYPHOCYTES	0.968115942	1	0.032215315	0.242	0.573269894	22	GSK3A MAPK1 MAPK3 RAF1 MAP4K1 PIK3R1 JAK1 JAK3 PIK3CD PDPK1
SIG_INSULIN_RECEPTOR_PATHWAY_IN_CARDIAC_MYOCYTES	0.994673768	1	0.026605282	0.204868154	0.537352333	43	GSK3A SLC2A4 CBL PTPN1 CYTH3 MAPK1 MAPK3 RAF1 PARD3 RPS6KB1 PARD6A PIK3R1 FOXO1 BRD4 PIK3CD PTEN PDPK1 IRS1 IRS2 IRS4 AKT1 AKT2 AKT3 FLOT2 RPS6KA1 RPS6KA3 RPS6KA2 SERPINB6 GSK3B SOS1 SOS2 SFN YWHAB YWHAG YWHAH YWHAQ YWHAZ SHC1 FLOT1 GRB2 YWHAE
SIG_PIP3_SIGNALING_IN_B_LYMPHOCYTES	0.403337969	1	0.071478629	0.418283728	1.049358765	29	SAG PHF11 LYN GAB1 PLCG2 CYTH3 RPS6KB1 PTPRC FOXO3 BTK TEC ITPR1 ITPR2 ITPR3 PTEN PDPK1
SIG_PIP3_SIGNALING_IN_CARDIAC_MYOCTES	0.972440945	1	0.027026516	0.232179226	0.618168415	49	GSK3A SLC2A4 CDK2 GAB1 TSC1 PTPN1 CYTH3 PAK4 PAK5 PAK6 PARD3 RPS6KB1 PARD6A FOXO3 PIK3CD CREB1 PTEN PDPK1 TSC2 IRS1 IRS2 IRS4 PAK1 PAK2 PAK3 AKT1 AKT2 AKT3 PTK2 RPS6KA1 RPS6KA3 RPS6KA2 GSK3B MTOR SOS1 SOS2 SFN YWHAB YWHAG YWHAH YWHAQ YWHAZ SHC1 GADD45A GRB2 ERBB4 YWHAE PPP1R13B CDC42
SIG_REGULATION_OF_THE_ACTIN_CYTOSKELETON_BY_RHO_GTPASES	0.751724138	1	0.086539974	-0.29494317	-0.820740907	28	FLNC FLNA ACTG1 CDC42 CFL2 CFL1 GDI2 GDI1 VASP FSCN3 FSCN2 FSCN1 MYH2 ACTR3
WNT_SIGNALING	0.727659574	1	0.100633389	-0.271694749	-0.857768376	52	WNT1 WNT10A FZD8 FZD5 ACTB WNT7B WNT7A LRP6 LRP5 WNT6 GAPDH WNT5B WNT5A WNT4 WIF1
WP_ACUTE_VIRAL_MYOCARDITIS	1	1	0.031998048	0.140385895	0.320331919	19	DFFA CCND1 PARP1 MAPK1 MAPK3
WP_ADIPOGENESIS	0.384615385	1	0.123842171	-0.395332734	-1.021684177	22	WNT1 BMP1 WNT10B
WP_AGE_RAGE_PATHWAY	0.987220447	1	0.068311086	-0.225849434	-0.574344064	21	MMP14 CDC42 JUN SHC1 RHOA NFKB1 MAPK9 MAPK8 MAP2K1 AKT1 RAC1 IRS1 CASP3 ROCK1 NFKBIA MAPK14 FOXO1 RAF1 MAPK3 MAPK1 INHBB
WP_ALPHA_6_BETA_4_SIGNALING_PATHWAY	0.016395137	0.286302192	0.352487858	-0.597758536	-1.570906893	23	LAMA5 LAMA3 LAMB2 LAMB1 LAMC2 LAMC1
WP_ALZHEIMER_39_S_DISEASE	0.076844086	0.57365004	0.287805131	-0.392937457	-1.255626045	55	WNT1 WNT10B WNT10A FZD8 FZD5 WNT7B WNT7A APAF1 CASP7 LRP6 LRP5 WNT6 GAPDH WNT5B WNT5A WNT4
WP_ALZHEIMER_39_S_DISEASE_AND_MIRNA_EFFECTS	0.076844086	0.57365004	0.287805131	-0.392937457	-1.255626045	55	WNT1 WNT10B WNT10A FZD8 FZD5 WNT7B WNT7A APAF1 CASP7 LRP6 LRP5 WNT6 GAPDH WNT5B WNT5A WNT4
WP_ANDROGEN_RECEPTOR_NETWORK_IN_PROSTATE_CANCER	0.321678322	1	0.08359906	0.442781284	1.1103196	31	CDC25A CDC25B CDK2 GAB1 TP53 CCND1 CDK1 TSC1 MAPK1 MAPK3 RAF1 CHEK1
WP_ANDROGEN_RECEPTOR_SIGNALING_PATHWAY	0.987915408	1	0.065532103	-0.175006588	-0.44255713	19	FLNA
WP_ANGIOPOIETIN_LIKE_PROTEIN_8_REGULATORY_PATHWAY	0.897606383	1	0.031709087	0.274611036	0.722734224	46	GSK3A SLC2A4 CBL TSC1 PTPN1 MAPK1 MAPK3 RAF1 SREBF1 SREBF2 RPS6KB1 MAP4K1 PIK3R1 FOXO1 FOXO3 MAPK12 MAPK13 MAPK14 PIK3CD PDPK1 TSC2 MAP2K4 IRS1 IRS2 IRS4 AKT1 AKT2 MAP2K1 MAP2K2 FLOT2 RPS6KA1 RPS6KA3 RPS6KA2 MAPK10 MAPK8 MAPK9 MAPK11 MAP2K7 GSK3B MTOR SOS1 SOS2 HRAS
WP_APOPTOSIS	1	1	0.033824544	0.154817276	0.342073148	17	DFFA TP53 BIRC2 BIRC3 XIAP PIK3R1 NFKBIA NFKBIB
WP_APOPTOSIS_MODULATION_AND_SIGNALING	1	1	0.034417484	0.163809746	0.354323123	15	DFFA TP53 MAPK3 BIRC2 BIRC3 XIAP NFKBIA
WP_A_NETWORK_MAP_OF_MACROPHAGE_STIMULATING_PROTEIN_MSP_SIGNALING	0.989655172	1	0.072003314	-0.202811245	-0.564364604	28	WNT10B GRB2 JUN CTNNB1 SHC1 MTOR GSK3B NFKB1 MAPK9 MAPK8 RPS6KA3 RPS6KA1 MAP2K2 MAP2K1 PTK2 AKT1 PDPK1 PTEN MAPK14 PIK3R1 RPS6KB1 FZD1 RAF1 MAPK3 MAPK1 PARP1 TP53 GAB1
WP_BRAIN_DERIVED_NEUROTROPHIC_FACTOR_BDNF_SIGNALING_PATHWAY	0.865079365	1	0.086539974	-0.260458839	-0.777583744	40	CDC42 CFL1 GRB2 JUN CTNNB1 SHC1 HRAS MTOR GSK3B PPP2CA ADAM17 NFKB1 MAPK9 MAPK8 MAPK10 TRAF6 RPS6KA3 RPS6KA1 MAP2K2 MAP2K1 PTK2B AKT1 RAC1 IRS2 IRS1 CASP3 VAV3 VAV2 TSC2 PDPK1 CREB1 NFKBIA MAPK14 FOXO3 PIK3R1 RPS6KB1 RAF1 MAPK3 MAPK1 CSNK2A1
WP_BREAST_CANCER_PATHWAY	0.391489362	1	0.143758989	-0.329869346	-1.030198476	50	WNT1 WNT10B WNT10A FZD8 FZD5 WNT7B WNT7A LRP6 LRP5 WNT6 WNT5B WNT5A WNT4 GRB2 GADD45A JUN CTNNB1
WP_B_CELL_RECEPTOR_SIGNALING_PATHWAY	0.953424658	1	0.030204195	0.254254241	0.64926418	35	GSK3A LYN GAB1 CBL PLCG2 MAPK1 RAF1 MAP4K1 PIK3R1 PTPRC FOXO1 MAPK14 NFKBIA BTK TEC CREB1 PDPK1
WP_CARDIAC_HYPERTROPHIC_RESPONSE	0.473919523	1	0.066896628	0.43845642	1.000467938	19	PPP3CA CDK7 MAPK1 MAPK3 RAF1 MAP4K1 MAPK14 PDPK1 MAP2K4 RAC1 AKT1 AKT2 MAP2K1 MAP2K2 MAPK8 MAP2K7 NFKB1 GSK3B MTOR
WP_CELL_CYCLE	0.053370787	0.439282627	0.23112671	0.572954792	1.431328309	30	CDC25A CCNA1 CCNA2 CCNE1 CCNE2 CDC25B CDK2 E2F4 TP53 CDK7 RBL2 CCND1 CCND2 CCND3 CDK1 WEE1
WP_CHEMOKINE_SIGNALING_PATHWAY	0.993112948	1	0.028433344	0.229684352	0.581140156	33	LYN MAPK1 MAPK3 RAF1 PARD3 PIK3R1 JAK3 FOXO3 NFKBIA NFKBIB PIK3CD ROCK1 ROCK2 VAV1 VAV2 VAV3 PAK1 RAC1 CSK AKT1 AKT2 AKT3 PTK2B PTK2 MAP2K1 NFKB1 GSK3B SOS1 SOS2 HRAS SHC1 GRB2
WP_CHROMOSOMAL_AND_MICROSATELLITE_INSTABILITY_IN_COLORECTAL_CANCER	0.993589744	1	0.068151344	-0.209333333	-0.540993792	22	NTN1 GADD45A JUN CTNNB1 RHOA GSK3B CSNK1A1 MAPK9 MAPK8 MAPK10 MAP2K1 AKT3 AKT2 AKT1 RAC1 CASP3 AXIN1 RAF1 MAPK3 MAPK1 CCND1 TP53
WP_CIRCADIAN_RHYTHM_GENES	0.855799373	1	0.041655677	0.327803583	0.709044439	15	TP53 CSNK1D SREBF1 CREB1 PTEN ROCK2 EP300 BTRC FBXW11 CDK4 MAPK10 MAPK8 MAPK9 GSK3B
WP_CKAP4_SIGNALING_PATHWAY_MAP	0.987138264	1	0.068632563	-0.229272702	-0.602527688	23	MMP14 SHH APAF1
WP_CORTICOTROPIN_RELEASING_HORMONE_SIGNALING_PATHWAY	0.770491803	1	0.044152306	0.343313373	0.78337095	19	CRHBP PARP1 PLCG2 MAPK1 MAPK3 RAF1 MAPK14 NFKBIA CREB1 CASP3 AKT1 PTK2 MAP2K1 MAPK8 MAPK9 NFKB1 GSK3B RHOA CTNNB1
WP_DNA_DAMAGE_RESPONSE	0.235747304	1	0.107554375	0.533666433	1.192592983	18	CDC25A CCNE1 CCNE2 CDK2 TP53 CCND1 CCND2 CCND3 CDK1
WP_DNA_DAMAGE_RESPONSE_ONLY_ATM_DEPENDENT	0.630350195	1	0.103958472	-0.298127519	-0.897087219	42	WNT1 WNT10B WNT10A WNT7B WNT7A CDC42 WNT6 WNT5B WNT5A WNT4 GRB2 JUN CTNNB1 SHC1 RHOA HRAS SOS2 SOS1
WP_EBOLA_VIRUS_INFECTION_IN_HOST	0.150641026	0.912373004	0.206587923	-0.518346882	-1.303092914	20	FLNC FLNA ACTB CTSB ACTG1 CDC42
WP_EGFR_TYROSINE_KINASE_INHIBITOR_RESISTANCE	0.762857143	1	0.042673386	0.323076923	0.795259732	27	GAB1 CCND1 PDGFA PDGFB PLCG2 MAPK1 MAPK3 RAF1 RPS6KB1 PIK3R1 JAK1 FOXO3 PIK3CD PTEN PDPK1
WP_EGF_EGFR_SIGNALING_PATHWAY	0.992	1	0.079556468	-0.204591492	-0.612617335	41	PXDN CDC42 CFL1 GRB2 JUN SHC1 HRAS SOS2 SOS1 MTOR MAPK9 MAPK8 RPS6KA2 RPS6KA3 RPS6KA1 E2F1 MAP2K2 MAP2K1 PTK2 PTK2B AKT1 CSK RAC1 PAK1 VAV3 VAV2 VAV1 ROCK1 PDPK1 PTEN CREB1 MAPK14 FOXO1 JAK1 PIK3R1 MAP4K1 RPS6KB1 RAF1 MAPK1 CBL GAB1
WP_EMBRYONIC_STEM_CELL_PLURIPOTENCY_PATHWAYS	0.145669291	0.902287654	0.234392647	-0.400762905	-1.217367619	44	WNT1 WNT10B WNT10A WNT9B FZD8 FZD5 WNT7B WNT7A LRP6 LRP5 WNT6 WNT5B WNT5A WNT4
WP_ENDOMETRIAL_CANCER	0.803751804	1	0.040740353	0.322429907	0.77345003	24	TP53 CCND1 MAPK1 MAPK3 RAF1 PIK3R1 FOXO3 PIK3CD AXIN1 PTEN PDPK1 AKT1 AKT2 AKT3 MAP2K1 MAP2K2 ILK GSK3B SOS1 SOS2 HRAS CTNNB1 GADD45A GRB2
WP_EPITHELIAL_TO_MESENCHYMAL_TRANSITION_IN_COLORECTAL_CANCER	0.016946236	0.286302192	0.352487858	-0.449019548	-1.417601074	52	WNT1 WNT10B WNT10A WNT9B FZD8 FZD5 MMP15 WNT7B WNT7A COL4A6 COL4A5 COL4A2 LRP6 LRP5 WNT6 WNT5B WNT5A WNT4 COL4A4 SPARC GRB2
WP_ERBB_SIGNALING_PATHWAY	0.761073826	1	0.039921862	0.315576534	0.818432329	39	GAB1 TP53 CBL CCND1 PLCG2 MAPK1 MAPK3 RAF1 PAK4 PAK5 PAK6 RPS6KB1 PIK3R1 FOXO1 PIK3CD PDPK1 MAP2K4 PAK1 PAK2 PAK3 AKT1 AKT2 AKT3 PTK2 MAP2K1 MAP2K2 MAPK10 MAPK8 MAPK9 MAP2K7 GSK3B MTOR SOS1 SOS2 HRAS SHC1 JUN GRB2 ERBB4
WP_FOCAL_ADHESION	0.066449928	0.520254316	0.287805131	-0.392964612	-1.298128431	66	LAMA5 LAMA4 LAMA3 FLNC FLNA LAMB2 LAMB1 LAMC3 LAMC2 LAMC1
WP_FOCAL_ADHESION_PI3K_AKT_MTOR_SIGNALING_PATHWAY	0.034059837	0.401637896	0.321775918	-0.420259601	-1.326802951	52	LAMA5 LAMA4 LAMA3 LAMB2 LAMB1 LAMC3 LAMC2 LAMC1
WP_FRAGILE_X_SYNDROME	0.926040062	1	0.037225401	0.285904255	0.63891485	18	PPP3CA GAB1 TSC1 MAPK1 RAF1 RPS6KB1 ITPR1 CREB1 PTEN TSC2
WP_G1_TO_S_CELL_CYCLE_CONTROL	0.021885257	0.319325789	0.352487858	0.700721536	1.548264043	17	CDC25A CCNA1 CCNE1 CCNE2 CDK2 TP53 CDK7 CCND1 CCND2 CCND3 CDK1 WEE1
WP_GASTRIN_SIGNALING_PATHWAY	0.980821918	1	0.028786146	0.239031919	0.610392427	35	CCND1 MAPK1 MAPK3 RAF1 RPS6KB1 BIRC2 BIRC3 PIK3R1 FOXO1 FOXO3 MAPK14 NFKBIA CREB1 ROCK1 BMP2 CASP3 IRS1 PAK1 RAC1 AKT1 PTK2 MAP2K1 MAPK8 MAPK9 NFKB1 GSK3B MTOR SOS1 HRAS RHOA SHC1 CTNNB1 JUN GRB2
WP_GLIOBLASTOMA_SIGNALING_PATHWAYS	0.233983287	1	0.101713902	0.47231543	1.188571196	32	CCNE1 CDK2 GAB1 TP53 CBL CCND1 CCND2 TSC1 PLCG2 MAPK1 MAPK3 RAF1 PIK3R1 FOXO1 FOXO3 PIK3CD PTEN PDPK1 TSC2 EP300 MAP2K4
WP_HEAD_AND_NECK_SQUAMOUS_CELL_CARCINOMA	0.770491803	1	0.044152306	0.343313373	0.78337095	19	GAB1 TP53 CCND1 TSC1 BIRC2 PIK3R1 PTEN PDPK1 TSC2 AKT1 AKT2 AKT3 E2F1 CDK4 NFKB1 NFKB2 MTOR HRAS CTNNB1
WP_HEPATITIS_B_INFECTION	0.84351145	1	0.085784441	-0.266172507	-0.791546277	38	HSPG2 APAF1 GRB2 JUN YWHAZ YWHAQ YWHAB HRAS SOS2 SOS1 STAT6 NFKB1 MAP2K7 MAPK11 MAPK9 MAPK8 MAPK10 TRAF6 MAP2K2 MAP2K1 PTK2B AKT3 AKT2 AKT1 CASP3 MAP2K4 EP300 CREB1 PIK3CD MAPK14 MAPK13 MAPK12 JAK3 JAK1 PIK3R1 RAF1 MAPK3 MAPK1
WP_HEPATITIS_C_AND_HEPATOCELLULAR_CARCINOMA	0.97733711	1	0.062939469	-0.208776596	-0.525641819	18	CASP7 COL4A2 GRB2 JUN SOS1 NFKB1 MAPK8 E2F2 AKT1 RAC1 CASP3 VAV2 MAPK14 JAK1 BIRC3 MAPK3 CCND1 TP53
WP_HEPATOCYTE_GROWTH_FACTOR_RECEPTOR_SIGNALING	0.868012422	1	0.040575645	0.320717131	0.701499125	16	GAB1 MAPK1 MAPK3 RAF1 MAP4K1 PTEN PAK1 PTK2B PTK2 MAP2K1 MAP2K2 MAPK8 SOS1 HRAS JUN GRB2
WP_HOST_PATHOGEN_INTERACTION_OF_HUMAN_CORONAVIRUSES_MAPK_SIGNALING	0.833590139	1	0.042077211	0.328457447	0.734009153	18	MAPK1 MAPK3 RAF1 MAPK12 MAPK13 MAPK14 MAP2K4 MAP2K1 MAP2K2 RPS6KA1 RPS6KA3 RPS6KA2 MAPK10 MAPK8 MAPK9 MAPK11 MAP2K7
WP_IL6_SIGNALING_PATHWAY	0.859784284	1	0.040657934	0.321143617	0.71766482	18	TIMP1 GAB1 MAPK1 MAPK3 RPS6KB1 PIK3R1 JAK1
WP_IL_18_SIGNALING_PATHWAY	0.822884013	1	0.043450683	0.342402123	0.740621316	15	TP53 PARP1 MAPK1 MAPK3 RPS6KB1 PIK3R1 NFKBIA PTEN CASP3 TRAF6 MAPK9 MAP2K7 NFKB1 GSK3B
WP_IL_1_SIGNALING_PATHWAY	0.852484472	1	0.041404427	0.328021248	0.717475296	16	MAPK1 MAPK3 PIK3R1 MAPK14 NFKBIA NFKBIB MAP2K4 AKT1 MAP2K1 MAP2K2 TRAF6 MAPK8 MAPK9 MAP2K7 NFKB1
WP_IL_24_SIGNALING_PATHWAY	1	1	0.027096742	0.187550485	0.483374831	38	CDC25A CCNE1 CDK2 TP53 CCND1 PDGFB CDK1 PARP1 MAPK1 MAPK3 CHEK1 FZD1 RPS6KB1 XIAP PIK3R1 JAK1 PTPRC MAPK14 NFKBIA PIK3CD
WP_IL_2_SIGNALING_PATHWAY	0.859784284	1	0.040657934	0.321143617	0.71766482	18	CBL MAPK1 MAPK3 RAF1 RPS6KB1 PIK3R1 JAK1 JAK3 FOXO3 AKT1 PTK2B MAP2K1 MAP2K2 SYK SOS1 HRAS SHC1 GRB2
WP_IL_3_SIGNALING_PATHWAY	0.826086957	1	0.03967872	0.321571238	0.748355231	20	LYN CBL MAPK1 MAPK3 RAF1 PIK3R1 JAK1 PIK3CD VAV1 AKT1 MAP2K1 SYK MAPK8 SOS1 HRAS YWHAB YWHAQ SHC1 JUN GRB2
WP_IL_4_SIGNALING_PATHWAY	0.987220447	1	0.068311086	-0.214523651	-0.545542149	21	FLNA GRB2 SHC1 SOS1 STAT6 NFKB1 MAPK11 AKT1 IRS2 IRS1 EP300 PIK3CD NFKBIA MAPK14 JAK3 JAK1 PIK3R1 RPS6KB1 MAPK3 MAPK1 CBL
WP_IL_5_SIGNALING_PATHWAY	0.826086957	1	0.03967872	0.321571238	0.748355231	20	GSK3A LYN MAPK1 MAPK3 RAF1 RPS6KB1 PIK3R1 JAK1 FOXO3 BTK
WP_INSULIN_SIGNALING	0.896866841	1	0.030846825	0.269818497	0.722410038	51	GSK3A SLC2A4 GAB1 CBL TSC1 PTPN1 CYTH3 MAPK1 MAPK3 RAF1 RPS6KB1 MAP4K1 PIK3R1 FOXO1 FOXO3 MAPK12 MAPK13 MAPK14 PIK3CD PTEN PDPK1 TSC2 MAP2K4 IRS1 IRS2 IRS4 RAC1 AKT1 AKT2 MAP2K1 MAP2K2 FLOT2 RPS6KA1 RPS6KA3 RPS6KA2 MAPK10 MAPK8 MAPK9 MAPK11 MAP2K7 GSK3B MTOR SOS1 SOS2 HRAS SHC1 ARF1 JUN FLOT1 GRB2
WP_INTEGRIN_MEDIATED_CELL_ADHESION	0.890459364	1	0.078711381	-0.264567984	-0.734766004	29	CDC42 VASP GRB2 SHC1 HRAS SOS1 ILK MAPK10 MAP2K2 MAP2K1 PTK2 AKT3 AKT2 AKT1 CSK RAC1 PAK3 PAK2 PAK1 VAV3 VAV2 ROCK2 ROCK1 PDPK1 MAPK12 PAK6 PAK4 RAF1 MAPK1
WP_INTERLEUKIN_1_IL_1_STRUCTURAL_PATHWAY	0.489028213	1	0.067833826	0.458526875	0.991801026	15	MAPK1 MAPK3 MAPK14 NFKBIA NFKBIB MAP2K4 MAP2K1 MAP2K2 TRAF6 MAPK10 MAPK8 MAPK9 MAPK11 MAP2K7 NFKB1
WP_KIT_RECEPTOR_SIGNALING_PATHWAY	0.80463097	1	0.0408229	0.32221481	0.766805359	23	LYN CBL MAPK1 MAPK3 RAF1 RPS6KB1 PIK3R1 FOXO3 MAPK14 BTK TEC EP300 VAV1
WP_LEPTIN_SIGNALING_PATHWAY	0.993112948	1	0.028433344	0.229684352	0.581140156	33	GSK3A PTPN1 PLCG2 MAPK1 MAPK3 RAF1 RPS6KB1 PIK3R1 JAK1 FOXO1 MAPK14 CREB1 PTEN ROCK1 ROCK2 IRS1 RAC1 AKT1 PTK2 MAP2K1 MAP2K2 RPS6KA1 MAPK8 NFKB1 GSK3B MTOR SOS1 HRAS RHOA SHC1 GRB2 CFL2 CDC42
WP_LNCRNA_IN_CANONICAL_WNT_SIGNALING_AND_COLORECTAL_CANCER	0.184782609	0.988586957	0.197822021	-0.426377155	-1.227410008	33	WNT1 WNT10B WNT10A FZD8 FZD5 WNT7B WNT7A LRP6 LRP5 WNT6 WNT5B WNT5A WNT4 WIF1 JUN CTNNB1
WP_MAPK_CASCADE	0.868338558	1	0.040988387	0.320504313	0.693256	15	MAPK1 MAPK3 RAF1 MAPK12 MAPK14 MAP2K4 MAP2K1 MAP2K2 MAPK10 MAP2K7 SOS1 SOS2 HRAS JUN GRB2
WP_MAPK_SIGNALING_PATHWAY	1	1	0.078920964	-0.161826552	-0.495350317	45	FLNC FLNA
WP_MEASLES_VIRUS_INFECTION	0.561327561	1	0.057246114	0.38658847	0.927354621	24	CCNE1 CCNE2 CDK2 TP53 CCND1 CCND2 CCND3 CSNK2A1 PIK3R1 JAK1 JAK3 NFKBIA NFKBIB PIK3CD
WP_MECHANOREGULATION_AND_PATHOLOGY_OF_YAP_TAZ_VIA_HIPPO_AND_NON_HIPPO_MECHANISMS	0.498432602	1	0.066896628	0.455798652	0.985899838	15	ACTG2 PAK4 PAK5 PAK6
WP_MELANOMA	0.834302326	1	0.039356196	0.312625251	0.753911115	25	TP53 CCND1 MAPK1 MAPK3 RAF1 PIK3R1 PIK3CD CREB1 PTEN PAK1 RAC1 AKT1 AKT2 AKT3 MAP2K1 MAP2K2 E2F1 E2F2 CDK4 SOS1 SOS2 HRAS GADD45A GRB2 ERBB4
WP_MET_IN_TYPE_1_PAPILLARY_RENAL_CELL_CARCINOMA	0.978932584	1	0.030132984	0.228915663	0.568037017	28	GAB1 CBL MAPK1 MAPK3 RAF1 PAK4 PAK5 PAK6 PIK3R1 JAK3 PIK3CD
WP_MICRORNAS_IN_CARDIOMYOCYTE_HYPERTROPHY	0.987412587	1	0.029493642	0.213950369	0.536502551	31	PPP3CA CDK7 MAPK1 MAPK3 RAF1 FZD1 FZD2 DVL1 PIK3R1 MAPK14 PIK3CD PDPK1 ROCK1 ROCK2 MAP2K4 RAC1 AKT1 AKT2 MAP2K1 MAP2K2 MAPK8 MAP2K7 NFKB1 GSK3B MTOR RHOA PPP3CB CTNNB1 WNT5A LRP5 LRP6
WP_MIRNA_REGULATION_OF_DNA_DAMAGE_RESPONSE	0.246130031	1	0.105125132	0.537373961	1.18734296	17	CDC25A CCNE1 CCNE2 CDK2 TP53 CCND1 CCND2 CCND3 CDK1
WP_MIRNA_REGULATION_OF_PROSTATE_CANCER_SIGNALING_PATHWAYS	0.868012422	1	0.040575645	0.320717131	0.701499125	16	TP53 CCND1 PDGFA MAPK1 RAF1 FOXO1 NFKBIA AKT3 MAP2K1 MAP2K2 NFKB1 GSK3B MTOR SOS1 CTNNB1 GRB2
WP_MYOMETRIAL_RELAXATION_AND_CONTRACTION_PATHWAYS	0.343575419	1	0.12210792	-0.440802892	-1.070320173	16	ACTB ACTG1 YWHAE JUN YWHAZ YWHAQ YWHAH YWHAG YWHAB SFN
WP_NANOPARTICLE_MEDIATED_ACTIVATION_OF_RECEPTOR_SIGNALING	0.865325077	1	0.040575645	0.320930233	0.709104422	17	MAPK1 RAF1 MAPK12 MAPK13 MAPK14 PIK3CD AKT3 PTK2 MAP2K1 MAP2K2 MAPK10 MAPK8 MAPK9 MAPK11 SOS1 HRAS GRB2
WP_NCRNAS_INVOLVED_IN_WNT_SIGNALING_IN_HEPATOCELLULAR_CARCINOMA	0.184782609	0.988586957	0.197822021	-0.426377155	-1.227410008	33	WNT1 WNT10B WNT10A FZD8 FZD5 WNT7B WNT7A LRP6 LRP5 WNT6 WNT5B WNT5A WNT4 WIF1 JUN CTNNB1
WP_NETRIN_UNC5B_SIGNALING_PATHWAY	0.985955056	1	0.062112419	-0.208637874	-0.519457939	17	NTN3 NTN1 JUN RHOA MAP2K2 MAP2K1 PTK2 PTK2B AKT1 RAC1 CASP3 MAPK14 RAF1 MAPK3 MAPK1 CCN2 TP53
WP_NETWORK_MAP_OF_SARS_COV_2_SIGNALING_PATHWAY	0.324175824	1	0.125033368	-0.468392078	-1.106477403	15	ACTB CTSD CTSB ACTG1
WP_NONALCOHOLIC_FATTY_LIVER_DISEASE	0.995377504	1	0.033824544	0.178191489	0.398207395	18	GSK3A SREBF1 PIK3R1 PIK3CD
WP_NON_SMALL_CELL_LUNG_CANCER	0.803751804	1	0.040740353	0.322429907	0.77345003	24	TP53 CCND1 PLCG2 MAPK1 MAPK3 RAF1 PIK3R1 JAK3 FOXO3 PIK3CD CASP3 AKT1 AKT2 AKT3 MAP2K1 MAP2K2 E2F1 E2F2 CDK4 SOS1 SOS2 HRAS GADD45A GRB2
WP_NRP1_TRIGGERED_SIGNALING_PATHWAYS_IN_PANCREATIC_CANCER	0.11884058	0.778527063	0.153158809	0.577643344	1.344281972	20	GSK3A CCNE1 CCNE2 CDK2 CCN2 MAPK1 MAPK3
WP_NUCLEAR_RECEPTORS_META_PATHWAY	0.191222571	1	0.12267919	0.572993184	1.2393935	15	SERPINB9 SLC2A4 CCND1 PDGFB CDK1 SREBF1 CES1 BIRC2 BIRC3 FOXO1
WP_ONCOSTATIN_M_SIGNALING_PATHWAY	0.998546512	1	0.030846825	0.179024716	0.431726878	25	CDK2 MAPK1 MAPK3 RAF1 PIK3R1 JAK1 JAK3 MAPK14 NFKBIA CREB1 CASP3 IRS1 AKT1 PTK2B MAP2K1 MAP2K2 MAPK8 MAPK9 NFKB1 MTOR SOS1 HRAS SHC1 GRB2
WP_OREXIN_RECEPTOR_PATHWAY	0.983050847	1	0.034417484	0.243074675	0.543202896	18	SLC2A4 MAPK1 MAPK3 RPS6KB1 FSHB PIK3R1 FOXO1 MAPK14 CREB1 PDPK1
WP_OSTEOBLAST_DIFFERENTIATION_AND_RELATED_DISEASES	0.014367393	0.286302192	0.380730401	-0.539020733	-1.580215588	35	WNT1 WNT10B WNT10A WNT9B FZD8 FZD5 IHH WNT7B WNT7A LRP6 LRP5 WNT6 WNT5B WNT5A WNT4
WP_PANCREATIC_ADENOCARCINOMA_PATHWAY	0.986072423	1	0.029351919	0.229530201	0.577607608	32	TP53 CCND1 MAPK1 MAPK3 RAF1 PAK4 PAK5 PAK6 RPS6KB1 PIK3R1 JAK1 PIK3CD PAK1 PAK2 PAK3 RAC1 AKT1 AKT2 AKT3 MAP2K1 MAP2K2 E2F1 E2F2 CDK4 MAPK10 MAPK8 MAPK9 NFKB1 MTOR
WP_PDGF_PATHWAY	0.987138264	1	0.068632563	-0.232821881	-0.611854915	23	CDC42 GRB2 JUN SHC1 RHOA HRAS SOS1 NFKB1 MAPK8 MAP2K1 RAC1 PAK1 VAV2 VAV1 MAP2K4 NFKBIA JAK1 PIK3R1 RAF1 MAPK3 MAPK1 PDGFB PDGFA
WP_PHYSICO_CHEMICAL_FEATURES_AND_TOXICITY_ASSOCIATED_PATHWAYS	0.989655172	1	0.072003314	-0.215817694	-0.60972408	30	FZD8 FZD5 ERBB4 GRB2 JUN ACTR3 CTNNB1 SHC1 RHOA SOS1 GSK3B PPP2CA ACTR2 MAPK8 MAP2K1 PTK2 AKT1 PAK1 MAP2K4 ROCK2 AXIN1 DAAM1 FZD4 DVL1 FZD7 FZD2 FZD1 RAF1 MAPK1 CBL
WP_PI3K_AKT_SIGNALING_PATHWAY	0.23902439	1	0.202071709	-0.342413891	-1.121464284	62	LAMA5 LAMA4 LAMA3 LAMB4 LAMB2 LAMB1 LAMC3 LAMC2 LAMC1
WP_PLEURAL_MESOTHELIOMA	0.085254269	0.621968641	0.287805131	-0.328934242	-1.188559397	102	WNT1 LAMA5 LAMA4 LAMA3 WNT10B WNT10A LAMB2 LAMB1 LAMC3 LAMC2 LAMC1 MMP3 MMP14 FZD8 FZD5 ACTB WNT7B WNT7A ACTG1 COL4A6 COL4A5 COL4A2 LRP6 LRP5
WP_PROLACTIN_SIGNALING_PATHWAY	0.969465649	1	0.078295525	-0.216981132	-0.645260509	38	FLNA CTSD GRB2 JUN SHC1 YWHAZ YWHAG HRAS SOS1 MTOR GSK3B NFKB1 MAPK9 MAPK8 RPS6KA2 MAP2K2 MAP2K1 PTK2 AKT1 RAC1 PAK1 IRS2 IRS1 CASP3 VAV2 VAV1 TEC NFKBIB NFKBIA MAPK14 JAK1 PIK3R1 RPS6KB1 RAF1 MAPK3 MAPK1 PTPN1 CBL
WP_RAC1_PAK1_P38_MMP2_PATHWAY	0.993589744	1	0.068151344	-0.209333333	-0.540993792	22	CASP7 GRB2 CTNNB1 HRAS SOS1 NFKB1 MAPK11 MAPK9 MAPK8 PTK2 AKT1 RAC1 PAK1 NFKBIA MAPK14 MAPK13 MAPK12 FOXO1 PIK3R1 MAPK3 MAPK1 TP53
WP_RANKL_RANK_SIGNALING_PATHWAY	0.976811594	1	0.031781251	0.228	0.54010552	22	LYN CBL MAPK1 MAPK3 PIK3R1 MAPK14 NFKBIA RAC1 AKT1 AKT2 PTK2 MAP2K1 SYK TRAF6 MAPK8 MAPK9 MAP2K7 NFKB1 NFKB2 MTOR
WP_RAS_SIGNALING	0.981741573	1	0.029990671	0.22922252	0.572632757	30	GAB1 PLCG2 MAPK1 MAPK3 RAF1 PAK4 PAK5 PAK6 PIK3R1 PIK3CD PAK1 PAK2 PAK3 RAC1 AKT1 AKT2 AKT3 MAP2K1 MAP2K2 MAPK10 MAPK8 MAPK9 NFKB1 SOS1 SOS2 HRAS RHOA SHC1 GRB2
WP_REGULATION_OF_ACTIN_CYTOSKELETON	0.965156794	1	0.073805272	-0.234071093	-0.663403863	31	ACTB ACTG1 CDC42 CFL2 CFL1 RHOA SOS2 SOS1 WASF1 MAP2K2 MAP2K1 PTK2 CSK RAC1 PAK3 PAK2 PAK1 VAV1 ROCK2 ROCK1 PIK3CD PIK3R1 PAK6 PAK5 PAK4 RAF1 MAPK3 MAPK1 LIMK1 PDGFB PDGFA
WP_RETINOBLASTOMA_GENE_IN_CANCER	0.031884643	0.39365271	0.321775918	0.684704047	1.512872949	17	CDC25A CCNA2 CCNE1 CCNE2 CDC25B CDK2 TP53 CCND1 CCND3 CDK1 WEE1 RAF1 CHEK1
WP_SMALL_CELL_LUNG_CANCER	0.042541086	0.401637896	0.321775918	-0.476930301	-1.418299765	38	LAMA5 LAMA4 LAMA3 LAMB4 LAMB2 LAMB1 LAMC3 LAMC2 LAMC1 APAF1 COL4A6 COL4A5 COL4A2
WP_SMITH_MAGENIS_AND_POTOCKI_LUPSKI_SYNDROME_COPY_NUMBER_VARIATION	0.982919255	1	0.03479041	0.250996016	0.548999315	16	TP53 CDK1 LIMK1 SREBF1 PARD3 BIRC2 CREB1 PTEN ROCK1 NFKB1 MTOR RHOA JUN MYH2 GDI2 CFL2
WP_SPINAL_CORD_INJURY	0.796116505	1	0.07998588	-0.29974232	-0.804507546	24	MMP12 SLIT3 SLIT2 SLIT1 NTN1 CSPG4 CDC42
WP_TGF_BETA_SIGNALING_PATHWAY	0.992753623	1	0.074362538	-0.198791135	-0.572259151	33	MMP12 CDC42 GRB2 JUN SHC1 RHOA SOS1 THBS1 MAPK9 MAPK8 TRAF6 BTRC MAP2K2 MAP2K1 PTK2 AKT1 RAC1 PAK2 MAP2K4 EP300 ROCK1 AXIN1 MAPK14 PIK3R1 MAP4K1 PARD6A RAF1 MAPK1 CDK1 CCND1 RBL2 TP53 E2F4
WP_THERMOGENESIS	0.865384615	1	0.075118164	-0.286463436	-0.720151864	20	ACTB BMP8B ACTG1
WP_THYMIC_STROMAL_LYMPHOPOIETIN_TSLP_SIGNALING_PATHWAY	0.614551084	1	0.056294075	0.413953488	0.914641936	17	LYN MAPK1 MAPK3 JAK1 MAPK14 NFKBIA BTK TEC AKT1 MAP2K1 MAP2K2 MAPK8 MAPK9 NFKB1 NFKB2 MTOR STAT6
WP_THYROID_HORMONES_PRODUCTION_AND_PERIPHERAL_DOWNSTREAM_SIGNALING_EFFECTS	0.975830816	1	0.06613262	-0.208915502	-0.528306083	19	SHH WNT4 GRB2 CTNNB1 HRAS SOS1 MTOR GSK3B MAP2K1 AKT3 TSC2 ITPR2 MAPK14 FOXO1 RPS6KB1 RAF1 MAPK1 TSC1 TP53
WP_THYROID_STIMULATING_HORMONE_TSH_SIGNALING_PATHWAY	0.333830104	1	0.085042746	0.482780828	1.101607176	19	CCNE1 CDK2 RBL2 CCND3 MAPK1 MAPK3 RAF1 RPS6KB1 PIK3R1 JAK1 MAPK14 CREB1 PDPK1
WP_TNF_ALPHA_SIGNALING_PATHWAY	0.914191419	1	0.073805272	-0.25802139	-0.709310151	26	APAF1 CASP7 GRB2 JUN HRAS SOS1 PPP2CA NFKB2 NFKB1 MAP2K7 MAPK9 MAPK8 FBXW11 BTRC AKT1 RAC1 CASP3 MAP2K4 NFKBIB NFKBIA BIRC3 BIRC2 RAF1 MAPK3 MAPK1 CSNK2A1
WP_TNF_RELATED_WEAK_INDUCER_OF_APOPTOSIS_TWEAK_SIGNALING_PATHWAY	0.926282051	1	0.071652737	-0.26298269	-0.66112268	20	CASP7 JUN CTNNB1 GSK3B NFKB2 NFKB1 MAPK9 MAPK8 AKT2 AKT1 RAC1 CASP3 NFKBIB NFKBIA MAPK14 BIRC3 BIRC2 RAF1 MAPK3 MAPK1
WP_TOLL_LIKE_RECEPTOR_SIGNALING_PATHWAY	0.746031746	1	0.044152306	0.338283121	0.811478976	24	MAPK1 MAPK3 PIK3R1 MAPK12 MAPK13 MAPK14 NFKBIA NFKBIB PIK3CD MAP2K4 RAC1 AKT1 AKT2 AKT3 MAP2K1 MAP2K2 TRAF6 MAPK10 MAPK8 MAPK9 MAPK11 MAP2K7 NFKB1
WP_TRANSLATION_INHIBITORS_IN_CHRONICALLY_ACTIVATED_PDGFRA_CELLS	0.473919523	1	0.066896628	0.43845642	1.000467938	19	CSNK2A1 MAPK1 MAPK3 RPS6KB1 PIK3R1 MAPK14 MAP2K4 AKT1 AKT2 AKT3 MAP2K1 MAP2K2 RPS6KA1 RPS6KA2 MAPK10 MAPK8 MAPK9 MAP2K7 MTOR
WP_T_CELL_ACTIVATION_SARS_COV_2	0.772532189	1	0.042161943	0.322860963	0.791371648	26	TP53 CCND1 PPP3CC TSC1 MAPK1 MAPK3 RAF1 PIK3R1 PTPRC FOXO3 NFKBIA PIK3CD ITPR1 PTEN PDPK1 TSC2 AKT1 MAP2K1 MAP2K2 NFKB1 GSK3B MTOR SOS1 HRAS JUN GRB2
WP_T_CELL_ANTIGEN_RECEPTOR_TCR_PATHWAY_DURING_STAPHYLOCOCCUS_AUREUS_INFECTION	0.926040062	1	0.037225401	0.285904255	0.63891485	18	CBL MAPK3 RAF1 PTPRC NFKBIA PAK1 AKT1 MAP2K1 MAP2K2 CDK4 MAPK9 MAP2K7 NFKB1 GSK3B SOS1 JUN GRB2 DAG1
WP_T_CELL_RECEPTOR_SIGNALING_PATHWAY	0.978932584	1	0.030132984	0.228915663	0.568037017	28	CBL MAPK1 MAPK3 RAF1 MAP4K1 PIK3R1 MAPK14 NFKBIA ITPR1 CREB1 PDPK1 VAV1 VAV3 PAK1 AKT1 PTK2B MAP2K1 MAP2K2 TRAF6 MAPK8 MAPK9 NFKB1 SOS1 HRAS SHC1 JUN GRB2
WP_UROTENSIN_II_MEDIATED_SIGNALING_PATHWAY	0.602465331	1	0.057005953	0.41229982	0.921373058	18	GSK3A CCNE1 CDK2 CDK1 MAPK1 MAPK3
WP_VEGFA_VEGFR2_SIGNALING	0.984771574	1	0.093145458	-0.200549451	-0.662499716	66	MMP14 MMP10 ACTG1 CDC42 CFL1 PLOD3 P4HA2 GAPDH FSCN1 YWHAE GRB2 JUN ADAM10 LMAN1 CTNNB1 SHC1 RHOA HRAS STAT6 MTOR GSK3B RPL13A PPP2CA NFKB1 WASF1 MAP2K7 MAPK9 MAPK8 SEMA6D FBXW11 MAP2K2 MAP2K1 PTK2 PTK2B AKT1 CSK RAC1 PAK2 PAK1 GPC1 BMP2 VAV2 MAP2K4 ROCK2 ROCK1 PDPK1 CREB1 NFKBIA MAPK14 MAPK12 BRD4 FOXO3 FOXO1 PIK3R1 RPS6KB1 RAF1 MAPK3 MAPK1 PTPN1 LIMK1 CCN2 CCND1 CBL HTRA1 GAB1 PPP3CA
WP_WNT_SIGNALING	0.3187251	1	0.155241966	-0.356466259	-1.073350507	43	WNT1 WNT10B WNT10A FZD8 FZD5 WNT7B WNT7A LRP6 LRP5 WNT6 WNT5B WNT5A WNT4 WIF1 JUN CTNNB1 PPP3CB RHOA PORCN
WP_WNT_SIGNALING_IN_KIDNEY_DISEASE	0.020979587	0.319325789	0.352487858	-0.583251072	-1.587930236	25	WNT1 WNT10B WNT10A WNT9B FZD8 FZD5 WNT7B WNT7A LRP6 LRP5 WNT6 WNT5B WNT5A WNT4
WP_WNT_SIGNALING_PATHWAY	0.97829233	1	0.031636972	0.232907295	0.554271737	23	GSK3A CSNK1D CCND1 CSNK1G1 TSC1 MAPK1
WP_WNT_SIGNALING_PATHWAY_AND_PLURIPOTENCY	0.155642023	0.925205361	0.224966094	-0.410742807	-1.223940761	39	WNT1 WNT10B WNT10A WNT9B FZD8 FZD5 WNT7B WNT7A LRP6 LRP5 WNT6 WNT5B WNT5A WNT4
